x,y,x_normalized,y_normalized
0.0496031746031746,191.0218253968254,0.000000,24.233577
0.1488095238095238,191.0218253968254,0.033080,24.233577
0.248015873015873,191.0218253968254,0.066159,24.233577
0.3472222222222222,191.0218253968254,0.099239,24.233577
0.4464285714285714,191.0218253968254,0.132319,24.233577
0.5456349206349206,191.0218253968254,0.165399,24.233577
0.6448412698412698,191.0218253968254,0.198478,24.233577
0.744047619047619,191.0218253968254,0.231558,24.233577
0.8432539682539683,191.0218253968254,0.264638,24.233577
0.9424603174603174,191.0218253968254,0.297717,24.233577
1.0416666666666665,188.04563492063494,0.330797,26.423358
1.1408730158730158,188.04563492063494,0.363877,26.423358
1.2400793650793651,188.14484126984127,0.396957,26.350365
1.3392857142857142,188.14484126984127,0.430036,26.350365
1.4384920634920635,188.24404761904762,0.463116,26.277372
1.5376984126984126,188.24404761904762,0.496196,26.277372
1.6369047619047619,188.34325396825398,0.529276,26.204380
1.736111111111111,188.34325396825398,0.562355,26.204380
1.8353174603174602,188.44246031746033,0.595435,26.131387
1.9345238095238093,188.44246031746033,0.628515,26.131387
2.0337301587301586,188.54166666666669,0.661594,26.058394
2.132936507936508,188.54166666666669,0.694674,26.058394
2.232142857142857,188.54166666666669,0.727754,26.058394
2.331349206349206,188.640873015873,0.760834,25.985401
2.4305555555555554,188.640873015873,0.793913,25.985401
2.5297619047619047,188.74007936507937,0.826993,25.912409
2.628968253968254,188.74007936507937,0.860073,25.912409
2.728174603174603,188.83928571428572,0.893152,25.839416
2.827380952380952,188.83928571428572,0.926232,25.839416
2.9265873015873014,188.93849206349208,0.959312,25.766423
3.0257936507936507,188.93849206349208,0.992392,25.766423
3.125,189.03769841269843,1.025471,25.693431
3.224206349206349,189.03769841269843,1.058551,25.693431
3.323412698412698,189.03769841269843,1.091631,25.693431
3.4226190476190474,189.13690476190476,1.124711,25.620438
3.5218253968253967,189.13690476190476,1.157790,25.620438
3.621031746031746,189.13690476190476,1.190870,25.620438
3.720238095238095,189.13690476190476,1.223950,25.620438
3.819444444444444,189.23611111111111,1.257029,25.547445
3.9186507936507935,189.23611111111111,1.290109,25.547445
4.017857142857142,183.9781746031746,1.323189,29.416058
4.117063492063492,183.9781746031746,1.356269,29.416058
4.216269841269841,184.07738095238096,1.389348,29.343066
4.31547619047619,184.07738095238096,1.422428,29.343066
4.4146825396825395,184.07738095238096,1.455508,29.343066
4.513888888888888,184.07738095238096,1.488587,29.343066
4.613095238095238,184.07738095238096,1.521667,29.343066
4.712301587301588,184.07738095238096,1.554747,29.343066
4.811507936507937,184.1765873015873,1.587827,29.270073
4.910714285714286,184.1765873015873,1.620906,29.270073
5.009920634920635,184.1765873015873,1.653986,29.270073
5.109126984126984,184.1765873015873,1.687066,29.270073
5.208333333333334,184.1765873015873,1.720146,29.270073
5.307539682539683,184.1765873015873,1.753225,29.270073
5.406746031746032,184.27579365079364,1.786305,29.197080
5.505952380952381,184.27579365079364,1.819385,29.197080
5.60515873015873,184.27579365079364,1.852464,29.197080
5.70436507936508,184.27579365079364,1.885544,29.197080
5.803571428571429,184.27579365079364,1.918624,29.197080
5.902777777777778,184.27579365079364,1.951704,29.197080
6.001984126984127,184.375,1.984783,29.124088
6.101190476190476,184.375,2.017863,29.124088
6.200396825396826,184.375,2.050943,29.124088
6.299603174603175,184.375,2.084022,29.124088
6.398809523809524,184.375,2.117102,29.124088
6.4980158730158735,184.375,2.150182,29.124088
6.597222222222222,184.47420634920636,2.183262,29.051095
6.696428571428571,184.47420634920636,2.216341,29.051095
6.795634920634921,184.47420634920636,2.249421,29.051095
6.89484126984127,184.47420634920636,2.282501,29.051095
6.9940476190476195,170.98214285714286,2.315581,38.978102
7.093253968253968,170.98214285714286,2.348660,38.978102
7.192460317460317,170.8829365079365,2.381740,39.051095
7.291666666666667,170.8829365079365,2.414820,39.051095
7.390873015873016,170.78373015873015,2.447899,39.124088
7.490079365079366,170.78373015873015,2.480979,39.124088
7.589285714285714,170.68452380952382,2.514059,39.197080
7.688492063492063,170.68452380952382,2.547139,39.197080
7.787698412698413,170.58531746031747,2.580218,39.270073
7.886904761904762,170.58531746031747,2.613298,39.270073
7.986111111111112,170.48611111111111,2.646378,39.343066
8.08531746031746,170.38690476190476,2.679457,39.416058
8.18452380952381,170.38690476190476,2.712537,39.416058
8.283730158730158,170.28769841269843,2.745617,39.489051
8.382936507936508,170.28769841269843,2.778697,39.489051
8.482142857142858,170.18849206349208,2.811776,39.562044
8.581349206349206,170.18849206349208,2.844856,39.562044
8.680555555555555,170.08928571428572,2.877936,39.635036
8.779761904761905,170.08928571428572,2.911016,39.635036
8.878968253968255,170.08928571428572,2.944095,39.635036
8.978174603174603,169.99007936507937,2.977175,39.708029
9.077380952380953,173.06547619047618,3.010255,37.445255
9.176587301587302,173.16468253968253,3.043334,37.372263
9.27579365079365,173.26388888888889,3.076414,37.299270
9.375,173.36309523809524,3.109494,37.226277
9.47420634920635,173.46230158730157,3.142574,37.153285
9.573412698412698,173.56150793650792,3.175653,37.080292
9.67261904761905,173.66071428571428,3.208733,37.007299
9.771825396825397,173.75992063492063,3.241813,36.934307
9.871031746031747,173.859126984127,3.274892,36.861314
9.970238095238095,173.95833333333331,3.307972,36.788321
10.069444444444445,174.05753968253967,3.341052,36.715328
10.168650793650794,174.15674603174602,3.374132,36.642336
10.267857142857144,174.25595238095238,3.407211,36.569343
10.367063492063492,174.35515873015873,3.440291,36.496350
10.466269841269842,174.45436507936506,3.473371,36.423358
10.56547619047619,174.55357142857142,3.506451,36.350365
10.664682539682541,174.65277777777777,3.539530,36.277372
10.76388888888889,174.75198412698413,3.572610,36.204380
10.863095238095239,174.85119047619045,3.605690,36.131387
10.962301587301587,174.9503968253968,3.638769,36.058394
11.061507936507937,175.0496031746032,3.671849,35.985401
11.160714285714286,175.14880952380955,3.704929,35.912409
11.259920634920636,175.24801587301587,3.738009,35.839416
11.359126984126984,175.34722222222223,3.771088,35.766423
11.458333333333334,175.44642857142858,3.804168,35.693431
11.557539682539682,175.54563492063494,3.837248,35.620438
11.656746031746033,175.64484126984127,3.870327,35.547445
11.755952380952381,175.74404761904762,3.903407,35.474453
11.855158730158731,175.84325396825398,3.936487,35.401460
11.954365079365079,175.94246031746033,3.969567,35.328467
12.053571428571429,176.04166666666669,4.002646,35.255474
12.152777777777777,176.04166666666669,4.035726,35.255474
12.251984126984128,176.04166666666669,4.068806,35.255474
12.351190476190476,176.04166666666669,4.101886,35.255474
12.450396825396826,176.04166666666669,4.134965,35.255474
12.549603174603174,176.04166666666669,4.168045,35.255474
12.648809523809526,176.04166666666669,4.201125,35.255474
12.748015873015873,176.04166666666669,4.234204,35.255474
12.847222222222223,176.04166666666669,4.267284,35.255474
12.946428571428571,176.04166666666669,4.300364,35.255474
13.045634920634921,171.97420634920636,4.333444,38.248175
13.144841269841269,171.97420634920636,4.366523,38.248175
13.24404761904762,171.97420634920636,4.399603,38.248175
13.343253968253968,171.97420634920636,4.432683,38.248175
13.442460317460318,171.97420634920636,4.465762,38.248175
13.541666666666666,171.97420634920636,4.498842,38.248175
13.640873015873016,171.97420634920636,4.531922,38.248175
13.740079365079366,171.97420634920636,4.565002,38.248175
13.839285714285715,171.97420634920636,4.598081,38.248175
13.938492063492063,171.97420634920636,4.631161,38.248175
14.037698412698413,171.97420634920636,4.664241,38.248175
14.136904761904761,171.97420634920636,4.697321,38.248175
14.236111111111112,171.97420634920636,4.730400,38.248175
14.33531746031746,171.97420634920636,4.763480,38.248175
14.43452380952381,171.97420634920636,4.796560,38.248175
14.533730158730158,171.97420634920636,4.829639,38.248175
14.632936507936508,171.97420634920636,4.862719,38.248175
14.732142857142858,171.97420634920636,4.895799,38.248175
14.831349206349207,171.97420634920636,4.928879,38.248175
14.930555555555555,171.97420634920636,4.961958,38.248175
15.029761904761905,171.97420634920636,4.995038,38.248175
15.128968253968253,189.83134920634922,5.028118,25.109489
15.228174603174605,189.73214285714286,5.061197,25.182482
15.327380952380953,189.6329365079365,5.094277,25.255474
15.426587301587302,189.53373015873015,5.127357,25.328467
15.52579365079365,189.43452380952382,5.160437,25.401460
15.625,189.33531746031747,5.193516,25.474453
15.724206349206348,189.23611111111111,5.226596,25.547445
15.8234126984127,189.13690476190476,5.259676,25.620438
15.922619047619047,189.03769841269843,5.292756,25.693431
16.0218253968254,188.93849206349208,5.325835,25.766423
16.121031746031747,188.83928571428572,5.358915,25.839416
16.220238095238095,188.74007936507937,5.391995,25.912409
16.319444444444443,188.640873015873,5.425074,25.985401
16.418650793650794,188.54166666666669,5.458154,26.058394
16.517857142857142,188.44246031746033,5.491234,26.131387
16.617063492063494,188.34325396825398,5.524314,26.204380
16.716269841269842,188.24404761904762,5.557393,26.277372
16.81547619047619,188.14484126984127,5.590473,26.350365
16.914682539682538,188.04563492063494,5.623553,26.423358
17.01388888888889,186.75595238095238,5.656632,27.372263
17.113095238095237,184.67261904761904,5.689712,28.905109
17.21230158730159,182.58928571428572,5.722792,30.437956
17.311507936507937,180.50595238095238,5.755872,31.970803
17.410714285714285,178.42261904761904,5.788951,33.503650
17.509920634920636,176.33928571428572,5.822031,35.036496
17.609126984126984,174.25595238095238,5.855111,36.569343
17.708333333333332,172.17261904761904,5.888191,38.102190
17.807539682539684,170.08928571428572,5.921270,39.635036
17.90674603174603,168.00595238095238,5.954350,41.167883
18.005952380952383,148.95833333333331,5.987430,55.182482
18.10515873015873,148.859126984127,6.020509,55.255474
18.20436507936508,148.75992063492063,6.053589,55.328467
18.303571428571427,148.66071428571428,6.086669,55.401460
18.40277777777778,148.56150793650792,6.119749,55.474453
18.501984126984127,148.46230158730157,6.152828,55.547445
18.601190476190478,148.36309523809524,6.185908,55.620438
18.700396825396826,148.26388888888889,6.218988,55.693431
18.799603174603174,148.16468253968253,6.252067,55.766423
18.898809523809522,148.06547619047618,6.285147,55.839416
18.998015873015873,147.96626984126985,6.318227,55.912409
19.097222222222225,148.06547619047618,6.351307,55.839416
19.19642857142857,148.16468253968253,6.384386,55.766423
19.29563492063492,148.26388888888889,6.417466,55.693431
19.39484126984127,148.36309523809524,6.450546,55.620438
19.49404761904762,148.46230158730157,6.483626,55.547445
19.59325396825397,148.56150793650792,6.516705,55.474453
19.692460317460316,148.66071428571428,6.549785,55.401460
19.791666666666668,148.75992063492063,6.582865,55.328467
19.890873015873016,148.859126984127,6.615944,55.255474
19.990079365079364,145.98214285714286,6.649024,57.372263
20.089285714285715,146.08134920634922,6.682104,57.299270
20.188492063492063,146.08134920634922,6.715184,57.299270
20.287698412698415,146.18055555555557,6.748263,57.226277
20.38690476190476,146.18055555555557,6.781343,57.226277
20.48611111111111,146.2797619047619,6.814423,57.153285
20.585317460317462,146.2797619047619,6.847502,57.153285
20.68452380952381,146.37896825396825,6.880582,57.080292
20.783730158730158,146.37896825396825,6.913662,57.080292
20.882936507936506,146.37896825396825,6.946742,57.080292
20.982142857142858,146.4781746031746,6.979821,57.007299
21.08134920634921,146.4781746031746,7.012901,57.007299
21.180555555555554,146.57738095238096,7.045981,56.934307
21.279761904761905,146.57738095238096,7.079061,56.934307
21.378968253968253,146.6765873015873,7.112140,56.861314
21.478174603174605,146.6765873015873,7.145220,56.861314
21.57738095238095,146.77579365079364,7.178300,56.788321
21.6765873015873,146.77579365079364,7.211379,56.788321
21.775793650793652,146.875,7.244459,56.715328
21.875,146.875,7.277539,56.715328
21.974206349206348,146.97420634920636,7.310619,56.642336
22.073412698412696,147.2718253968254,7.343698,56.423358
22.172619047619047,148.16468253968253,7.376778,55.766423
22.2718253968254,149.05753968253967,7.409858,55.109489
22.371031746031743,149.9503968253968,7.442937,54.452555
22.470238095238095,150.84325396825398,7.476017,53.795620
22.569444444444446,151.73611111111111,7.509097,53.138686
22.668650793650794,152.62896825396825,7.542177,52.481752
22.767857142857142,153.5218253968254,7.575256,51.824818
22.86706349206349,154.41468253968253,7.608336,51.167883
22.966269841269842,155.30753968253967,7.641416,50.510949
23.065476190476193,155.90277777777777,7.674496,50.072993
23.164682539682538,155.80357142857142,7.707575,50.145985
23.26388888888889,155.70436507936506,7.740655,50.218978
23.363095238095237,155.60515873015873,7.773735,50.291971
23.46230158730159,155.50595238095238,7.806814,50.364964
23.561507936507933,155.40674603174602,7.839894,50.437956
23.660714285714285,155.30753968253967,7.872974,50.510949
23.759920634920636,155.20833333333331,7.906054,50.583942
23.859126984126984,155.109126984127,7.939133,50.656934
23.958333333333332,155.00992063492063,7.972213,50.729927
24.05753968253968,154.91071428571428,8.005293,50.802920
24.15674603174603,154.81150793650792,8.038372,50.875912
24.255952380952383,154.71230158730157,8.071452,50.948905
24.355158730158728,154.61309523809524,8.104532,51.021898
24.45436507936508,154.51388888888889,8.137612,51.094891
24.553571428571427,154.41468253968253,8.170691,51.167883
24.65277777777778,154.31547619047618,8.203771,51.240876
24.751984126984127,154.21626984126985,8.236851,51.313869
24.851190476190474,154.1170634920635,8.269931,51.386861
24.950396825396826,154.01785714285714,8.303010,51.459854
25.049603174603178,154.01785714285714,8.336090,51.459854
25.148809523809522,154.41468253968253,8.369170,51.167883
25.248015873015873,154.81150793650792,8.402249,50.875912
25.34722222222222,155.20833333333331,8.435329,50.583942
25.446428571428573,155.60515873015873,8.468409,50.291971
25.545634920634917,156.00198412698413,8.501489,50.000000
25.64484126984127,156.39880952380955,8.534568,49.708029
25.74404761904762,156.79563492063494,8.567648,49.416058
25.84325396825397,157.19246031746033,8.600728,49.124088
25.942460317460316,157.58928571428572,8.633807,48.832117
26.041666666666664,157.98611111111111,8.666887,48.540146
26.140873015873016,158.08531746031747,8.699967,48.467153
26.240079365079367,158.08531746031747,8.733047,48.467153
26.33928571428571,158.08531746031747,8.766126,48.467153
26.438492063492063,158.18452380952382,8.799206,48.394161
26.53769841269841,158.18452380952382,8.832286,48.394161
26.636904761904763,158.18452380952382,8.865366,48.394161
26.73611111111111,158.28373015873015,8.898445,48.321168
26.83531746031746,158.28373015873015,8.931525,48.321168
26.93452380952381,158.28373015873015,8.964605,48.321168
27.033730158730158,158.3829365079365,8.997684,48.248175
27.132936507936506,158.3829365079365,9.030764,48.248175
27.232142857142858,158.3829365079365,9.063844,48.248175
27.331349206349206,158.48214285714286,9.096924,48.175182
27.430555555555557,158.48214285714286,9.130003,48.175182
27.5297619047619,158.48214285714286,9.163083,48.175182
27.628968253968253,158.58134920634922,9.196163,48.102190
27.728174603174605,158.58134920634922,9.229242,48.102190
27.827380952380953,158.58134920634922,9.262322,48.102190
27.9265873015873,158.68055555555557,9.295402,48.029197
28.02579365079365,158.68055555555557,9.328482,48.029197
28.125,158.68055555555557,9.361561,48.029197
28.22420634920635,158.7797619047619,9.394641,47.956204
28.3234126984127,158.7797619047619,9.427721,47.956204
28.422619047619047,158.7797619047619,9.460801,47.956204
28.521825396825395,158.87896825396825,9.493880,47.883212
28.621031746031747,158.87896825396825,9.526960,47.883212
28.7202380952381,158.87896825396825,9.560040,47.883212
28.819444444444443,158.9781746031746,9.593119,47.810219
28.918650793650794,158.9781746031746,9.626199,47.810219
29.017857142857142,158.9781746031746,9.659279,47.810219
29.117063492063494,158.87896825396825,9.692359,47.883212
29.216269841269842,158.7797619047619,9.725438,47.956204
29.31547619047619,158.68055555555557,9.758518,48.029197
29.41468253968254,158.58134920634922,9.791598,48.102190
29.51388888888889,158.48214285714286,9.824677,48.175182
29.613095238095237,158.3829365079365,9.857757,48.248175
29.71230158730159,158.28373015873015,9.890837,48.321168
29.811507936507937,158.18452380952382,9.923917,48.394161
29.91071428571429,158.08531746031747,9.956996,48.467153
30.009920634920633,157.98611111111111,9.990076,48.540146
30.109126984126984,157.88690476190476,10.023156,48.613139
30.208333333333336,157.78769841269843,10.056236,48.686131
30.307539682539684,157.68849206349208,10.089315,48.759124
30.40674603174603,157.58928571428572,10.122395,48.832117
30.50595238095238,157.49007936507937,10.155475,48.905109
30.60515873015873,157.390873015873,10.188554,48.978102
30.704365079365083,157.29166666666669,10.221634,49.051095
30.803571428571427,157.19246031746033,10.254714,49.124088
30.90277777777778,157.09325396825398,10.287794,49.197080
31.001984126984127,156.99404761904762,10.320873,49.270073
31.101190476190478,157.09325396825398,10.353953,49.197080
31.200396825396822,157.29166666666669,10.387033,49.051095
31.299603174603174,157.49007936507937,10.420112,48.905109
31.398809523809526,157.68849206349208,10.453192,48.759124
31.498015873015873,157.88690476190476,10.486272,48.613139
31.59722222222222,158.08531746031747,10.519352,48.467153
31.696428571428573,158.28373015873015,10.552431,48.321168
31.79563492063492,158.48214285714286,10.585511,48.175182
31.894841269841272,158.68055555555557,10.618591,48.029197
31.994047619047617,156.99404761904762,10.651671,49.270073
32.09325396825397,156.89484126984127,10.684750,49.343066
32.192460317460316,156.89484126984127,10.717830,49.343066
32.29166666666667,156.79563492063494,10.750910,49.416058
32.39087301587301,156.79563492063494,10.783989,49.416058
32.49007936507937,156.69642857142858,10.817069,49.489051
32.589285714285715,156.69642857142858,10.850149,49.489051
32.68849206349206,156.59722222222223,10.883229,49.562044
32.78769841269841,156.59722222222223,10.916308,49.562044
32.88690476190476,156.49801587301587,10.949388,49.635036
32.986111111111114,156.49801587301587,10.982468,49.635036
33.08531746031746,156.39880952380955,11.015547,49.708029
33.18452380952381,156.39880952380955,11.048627,49.708029
33.28373015873016,156.2996031746032,11.081707,49.781022
33.382936507936506,156.2996031746032,11.114787,49.781022
33.48214285714286,156.2003968253968,11.147866,49.854015
33.5813492063492,156.2003968253968,11.180946,49.854015
33.68055555555556,156.10119047619045,11.214026,49.927007
33.779761904761905,156.10119047619045,11.247106,49.927007
33.87896825396825,156.10119047619045,11.280185,49.927007
33.9781746031746,156.00198412698413,11.313265,50.000000
34.07738095238095,156.99404761904762,11.346345,49.270073
34.176587301587304,156.89484126984127,11.379424,49.343066
34.27579365079365,156.89484126984127,11.412504,49.343066
34.375,156.89484126984127,11.445584,49.343066
34.47420634920635,156.79563492063494,11.478664,49.416058
34.573412698412696,156.79563492063494,11.511743,49.416058
34.67261904761905,156.79563492063494,11.544823,49.416058
34.77182539682539,156.69642857142858,11.577903,49.489051
34.87103174603175,156.69642857142858,11.610982,49.489051
34.970238095238095,156.69642857142858,11.644062,49.489051
35.06944444444444,156.59722222222223,11.677142,49.562044
35.16865079365079,156.59722222222223,11.710222,49.562044
35.267857142857146,156.59722222222223,11.743301,49.562044
35.367063492063494,156.49801587301587,11.776381,49.635036
35.46626984126984,156.49801587301587,11.809461,49.635036
35.56547619047619,156.49801587301587,11.842541,49.635036
35.66468253968254,156.39880952380955,11.875620,49.708029
35.76388888888889,156.39880952380955,11.908700,49.708029
35.86309523809524,156.39880952380955,11.941780,49.708029
35.96230158730159,156.2996031746032,11.974859,49.781022
36.06150793650794,156.2996031746032,12.007939,49.781022
36.160714285714285,156.2996031746032,12.041019,49.781022
36.25992063492064,156.2003968253968,12.074099,49.854015
36.35912698412698,156.2003968253968,12.107178,49.854015
36.458333333333336,156.2003968253968,12.140258,49.854015
36.557539682539684,156.10119047619045,12.173338,49.927007
36.65674603174603,156.10119047619045,12.206417,49.927007
36.75595238095238,156.10119047619045,12.239497,49.927007
36.85515873015873,156.00198412698413,12.272577,50.000000
36.95436507936508,154.01785714285714,12.305657,51.459854
37.05357142857143,154.01785714285714,12.338736,51.459854
37.15277777777778,154.01785714285714,12.371816,51.459854
37.25198412698413,154.1170634920635,12.404896,51.386861
37.351190476190474,154.1170634920635,12.437976,51.386861
37.45039682539683,154.1170634920635,12.471055,51.386861
37.54960317460318,154.21626984126985,12.504135,51.313869
37.648809523809526,154.21626984126985,12.537215,51.313869
37.748015873015866,154.21626984126985,12.570294,51.313869
37.84722222222222,154.31547619047618,12.603374,51.240876
37.94642857142857,154.31547619047618,12.636454,51.240876
38.045634920634924,154.31547619047618,12.669534,51.240876
38.14484126984127,154.41468253968253,12.702613,51.167883
38.24404761904761,154.41468253968253,12.735693,51.167883
38.34325396825397,154.41468253968253,12.768773,51.167883
38.442460317460316,154.51388888888889,12.801852,51.094891
38.541666666666664,154.51388888888889,12.834932,51.094891
38.64087301587302,154.51388888888889,12.868012,51.094891
38.74007936507936,154.61309523809524,12.901092,51.021898
38.839285714285715,154.61309523809524,12.934171,51.021898
38.93849206349206,154.61309523809524,12.967251,51.021898
39.03769841269841,154.71230158730157,13.000331,50.948905
39.136904761904766,154.71230158730157,13.033411,50.948905
39.23611111111111,154.71230158730157,13.066490,50.948905
39.335317460317455,154.81150793650792,13.099570,50.875912
39.43452380952381,154.81150793650792,13.132650,50.875912
39.53373015873016,154.81150793650792,13.165729,50.875912
39.63293650793651,154.91071428571428,13.198809,50.802920
39.732142857142854,154.91071428571428,13.231889,50.802920
39.8313492063492,154.91071428571428,13.264969,50.802920
39.93055555555556,155.00992063492063,13.298048,50.729927
40.029761904761905,154.91071428571428,13.331128,50.802920
40.12896825396825,154.71230158730157,13.364208,50.948905
40.22817460317461,154.51388888888889,13.397287,51.094891
40.32738095238095,154.31547619047618,13.430367,51.240876
40.426587301587304,154.1170634920635,13.463447,51.386861
40.52579365079365,153.91865079365078,13.496527,51.532847
40.625,153.7202380952381,13.529606,51.678832
40.724206349206355,153.5218253968254,13.562686,51.824818
40.823412698412696,153.22420634920636,13.595766,52.043796
40.922619047619044,153.125,13.628846,52.116788
41.0218253968254,152.82738095238096,13.661925,52.335766
41.12103174603175,152.62896825396825,13.695005,52.481752
41.2202380952381,152.43055555555557,13.728085,52.627737
41.31944444444444,152.23214285714286,13.761164,52.773723
41.41865079365079,152.1329365079365,13.794244,52.846715
41.517857142857146,151.83531746031747,13.827324,53.065693
41.617063492063494,151.63690476190476,13.860404,53.211679
41.716269841269835,151.43849206349208,13.893483,53.357664
41.81547619047619,151.24007936507937,13.926563,53.503650
41.91468253968254,151.04166666666669,13.959643,53.649635
42.01388888888889,151.04166666666669,13.992722,53.649635
42.11309523809524,151.04166666666669,14.025802,53.649635
42.21230158730158,151.04166666666669,14.058882,53.649635
42.31150793650794,151.04166666666669,14.091962,53.649635
42.410714285714285,151.04166666666669,14.125041,53.649635
42.50992063492063,151.04166666666669,14.158121,53.649635
42.60912698412699,151.140873015873,14.191201,53.576642
42.70833333333333,151.140873015873,14.224281,53.576642
42.807539682539684,151.140873015873,14.257360,53.576642
42.90674603174603,151.140873015873,14.290440,53.576642
43.00595238095238,151.24007936507937,14.323520,53.503650
43.105158730158735,151.24007936507937,14.356599,53.503650
43.204365079365076,151.24007936507937,14.389679,53.503650
43.30357142857142,151.24007936507937,14.422759,53.503650
43.40277777777778,151.24007936507937,14.455839,53.503650
43.50198412698413,151.33928571428572,14.488918,53.430657
43.60119047619048,151.33928571428572,14.521998,53.430657
43.70039682539682,151.33928571428572,14.555078,53.430657
43.79960317460317,151.33928571428572,14.588157,53.430657
43.898809523809526,151.33928571428572,14.621237,53.430657
43.99801587301587,151.43849206349208,14.654317,53.357664
44.09722222222222,151.43849206349208,14.687397,53.357664
44.19642857142857,151.43849206349208,14.720476,53.357664
44.29563492063492,151.43849206349208,14.753556,53.357664
44.39484126984127,151.43849206349208,14.786636,53.357664
44.49404761904762,151.53769841269843,14.819716,53.284672
44.59325396825397,151.53769841269843,14.852795,53.284672
44.692460317460316,151.53769841269843,14.885875,53.284672
44.791666666666664,151.53769841269843,14.918955,53.284672
44.89087301587301,151.53769841269843,14.952034,53.284672
44.99007936507937,151.63690476190476,14.985114,53.211679
45.089285714285715,151.63690476190476,15.018194,53.211679
45.18849206349206,151.63690476190476,15.051274,53.211679
45.28769841269841,151.63690476190476,15.084353,53.211679
45.38690476190476,151.63690476190476,15.117433,53.211679
45.486111111111114,151.73611111111111,15.150513,53.138686
45.58531746031746,151.73611111111111,15.183592,53.138686
45.6845238095238,151.73611111111111,15.216672,53.138686
45.78373015873016,151.73611111111111,15.249752,53.138686
45.882936507936506,151.73611111111111,15.282832,53.138686
45.98214285714286,151.83531746031747,15.315911,53.065693
46.08134920634921,151.83531746031747,15.348991,53.065693
46.18055555555555,151.83531746031747,15.382071,53.065693
46.279761904761905,151.83531746031747,15.415151,53.065693
46.37896825396825,151.83531746031747,15.448230,53.065693
46.4781746031746,151.93452380952382,15.481310,52.992701
46.577380952380956,151.93452380952382,15.514390,52.992701
46.6765873015873,151.93452380952382,15.547469,52.992701
46.77579365079365,151.93452380952382,15.580549,52.992701
46.875,151.93452380952382,15.613629,52.992701
46.97420634920635,152.03373015873015,15.646709,52.919708
47.0734126984127,151.83531746031747,15.679788,53.065693
47.172619047619044,151.63690476190476,15.712868,53.211679
47.2718253968254,151.43849206349208,15.745948,53.357664
47.37103174603175,151.24007936507937,15.779027,53.503650
47.470238095238095,151.04166666666669,15.812107,53.649635
47.56944444444445,150.74404761904762,15.845187,53.868613
47.66865079365079,150.54563492063494,15.878267,54.014599
47.76785714285714,150.34722222222223,15.911346,54.160584
47.867063492063494,150.14880952380955,15.944426,54.306569
47.96626984126984,150.0496031746032,15.977506,54.379562
48.0654761904762,149.75198412698413,16.010586,54.598540
48.16468253968254,149.55357142857142,16.043665,54.744526
48.263888888888886,149.35515873015873,16.076745,54.890511
48.36309523809524,149.15674603174602,16.109825,55.036496
48.46230158730159,148.95833333333331,16.142904,55.182482
48.56150793650794,148.75992063492063,16.175984,55.328467
48.660714285714285,148.56150793650792,16.209064,55.474453
48.75992063492063,148.36309523809524,16.242144,55.620438
48.85912698412699,148.16468253968253,16.275223,55.766423
48.958333333333336,147.96626984126985,16.308303,55.912409
49.057539682539684,148.06547619047618,16.341383,55.839416
49.15674603174603,148.06547619047618,16.374462,55.839416
49.25595238095238,148.16468253968253,16.407542,55.766423
49.35515873015873,148.26388888888889,16.440622,55.693431
49.45436507936508,148.36309523809524,16.473702,55.620438
49.55357142857143,148.46230158730157,16.506781,55.547445
49.65277777777778,148.56150793650792,16.539861,55.474453
49.75198412698413,148.66071428571428,16.572941,55.401460
49.851190476190474,148.75992063492063,16.606021,55.328467
49.95039682539683,148.859126984127,16.639100,55.255474
50.04960317460318,149.05753968253967,16.672180,55.109489
50.14880952380952,149.15674603174602,16.705260,55.036496
50.24801587301587,149.25595238095238,16.738339,54.963504
50.34722222222222,149.35515873015873,16.771419,54.890511
50.44642857142858,149.45436507936506,16.804499,54.817518
50.545634920634924,149.55357142857142,16.837579,54.744526
50.644841269841265,149.65277777777777,16.870658,54.671533
50.74404761904762,149.75198412698413,16.903738,54.598540
50.84325396825397,149.85119047619045,16.936818,54.525547
50.942460317460316,149.9503968253968,16.969897,54.452555
51.04166666666667,149.9503968253968,17.002977,54.452555
51.14087301587301,149.85119047619045,17.036057,54.525547
51.24007936507937,149.85119047619045,17.069137,54.525547
51.339285714285715,149.75198412698413,17.102216,54.598540
51.43849206349206,149.65277777777777,17.135296,54.671533
51.53769841269842,149.65277777777777,17.168376,54.671533
51.63690476190476,149.55357142857142,17.201456,54.744526
51.73611111111111,149.45436507936506,17.234535,54.817518
51.83531746031746,149.45436507936506,17.267615,54.817518
51.93452380952381,149.35515873015873,17.300695,54.890511
52.033730158730165,149.25595238095238,17.333774,54.963504
52.132936507936506,149.25595238095238,17.366854,54.963504
52.232142857142854,149.15674603174602,17.399934,55.036496
52.33134920634921,149.05753968253967,17.433014,55.109489
52.43055555555556,149.05753968253967,17.466093,55.109489
52.5297619047619,148.95833333333331,17.499173,55.182482
52.62896825396825,148.859126984127,17.532253,55.255474
52.7281746031746,148.859126984127,17.565332,55.255474
52.827380952380956,148.75992063492063,17.598412,55.328467
52.926587301587304,148.66071428571428,17.631492,55.401460
53.025793650793645,148.66071428571428,17.664572,55.401460
53.125,148.56150793650792,17.697651,55.474453
53.22420634920635,148.46230158730157,17.730731,55.547445
53.323412698412696,148.46230158730157,17.763811,55.547445
53.42261904761905,148.36309523809524,17.796891,55.620438
53.52182539682539,148.26388888888889,17.829970,55.693431
53.62103174603175,148.26388888888889,17.863050,55.693431
53.720238095238095,148.16468253968253,17.896130,55.766423
53.81944444444444,148.06547619047618,17.929209,55.839416
53.9186507936508,148.06547619047618,17.962289,55.839416
54.017857142857146,147.96626984126985,17.995369,55.912409
54.11706349206349,148.26388888888889,18.028449,55.693431
54.21626984126984,148.56150793650792,18.061528,55.474453
54.31547619047619,148.859126984127,18.094608,55.255474
54.414682539682545,149.15674603174602,18.127688,55.036496
54.51388888888889,149.45436507936506,18.160767,54.817518
54.613095238095234,149.75198412698413,18.193847,54.598540
54.71230158730159,150.0496031746032,18.226927,54.379562
54.81150793650794,150.34722222222223,18.260007,54.160584
54.910714285714285,150.64484126984127,18.293086,53.941606
55.00992063492064,150.94246031746033,18.326166,53.722628
55.10912698412698,150.94246031746033,18.359246,53.722628
55.208333333333336,150.94246031746033,18.392326,53.722628
55.307539682539684,150.94246031746033,18.425405,53.722628
55.40674603174603,150.94246031746033,18.458485,53.722628
55.50595238095239,150.84325396825398,18.491565,53.795620
55.60515873015873,150.84325396825398,18.524644,53.795620
55.704365079365076,150.84325396825398,18.557724,53.795620
55.80357142857143,150.84325396825398,18.590804,53.795620
55.90277777777778,150.84325396825398,18.623884,53.795620
56.001984126984134,150.74404761904762,18.656963,53.868613
56.101190476190474,150.74404761904762,18.690043,53.868613
56.20039682539682,150.74404761904762,18.723123,53.868613
56.29960317460318,150.74404761904762,18.756202,53.868613
56.398809523809526,150.74404761904762,18.789282,53.868613
56.498015873015866,150.64484126984127,18.822362,53.941606
56.59722222222222,150.64484126984127,18.855442,53.941606
56.69642857142857,150.64484126984127,18.888521,53.941606
56.795634920634924,150.64484126984127,18.921601,53.941606
56.89484126984127,150.64484126984127,18.954681,53.941606
56.99404761904761,143.00595238095238,18.987761,59.562044
57.09325396825397,143.00595238095238,19.020840,59.562044
57.192460317460316,143.00595238095238,19.053920,59.562044
57.291666666666664,143.00595238095238,19.087000,59.562044
57.39087301587302,143.00595238095238,19.120079,59.562044
57.49007936507936,143.00595238095238,19.153159,59.562044
57.589285714285715,143.00595238095238,19.186239,59.562044
57.68849206349206,143.00595238095238,19.219319,59.562044
57.78769841269841,143.00595238095238,19.252398,59.562044
57.886904761904766,143.00595238095238,19.285478,59.562044
57.98611111111111,124.05753968253967,19.318558,73.503650
58.085317460317455,124.05753968253967,19.351637,73.503650
58.18452380952381,124.05753968253967,19.384717,73.503650
58.28373015873016,124.05753968253967,19.417797,73.503650
58.38293650793651,124.05753968253967,19.450877,73.503650
58.482142857142854,124.05753968253967,19.483956,73.503650
58.5813492063492,124.05753968253967,19.517036,73.503650
58.68055555555556,124.05753968253967,19.550116,73.503650
58.779761904761905,124.05753968253967,19.583196,73.503650
58.87896825396825,124.05753968253967,19.616275,73.503650
58.97817460317461,124.05753968253967,19.649355,73.503650
59.07738095238095,124.05753968253967,19.682435,73.503650
59.176587301587304,124.05753968253967,19.715514,73.503650
59.27579365079365,124.05753968253967,19.748594,73.503650
59.375,124.05753968253967,19.781674,73.503650
59.474206349206355,124.05753968253967,19.814754,73.503650
59.573412698412696,124.05753968253967,19.847833,73.503650
59.672619047619044,124.05753968253967,19.880913,73.503650
59.7718253968254,124.05753968253967,19.913993,73.503650
59.87103174603175,124.05753968253967,19.947072,73.503650
59.9702380952381,124.05753968253967,19.980152,73.503650
60.06944444444444,124.05753968253967,20.013232,73.503650
60.16865079365079,124.05753968253967,20.046312,73.503650
60.267857142857146,124.05753968253967,20.079391,73.503650
60.367063492063494,124.05753968253967,20.112471,73.503650
60.466269841269835,124.05753968253967,20.145551,73.503650
60.56547619047619,124.05753968253967,20.178630,73.503650
60.66468253968254,124.05753968253967,20.211710,73.503650
60.76388888888889,124.05753968253967,20.244790,73.503650
60.86309523809524,124.05753968253967,20.277870,73.503650
60.96230158730158,124.05753968253967,20.310949,73.503650
61.06150793650794,124.05753968253967,20.344029,73.503650
61.160714285714285,124.25595238095238,20.377109,73.357664
61.25992063492063,124.45436507936508,20.410189,73.211679
61.35912698412699,124.65277777777777,20.443268,73.065693
61.45833333333333,124.85119047619047,20.476348,72.919708
61.557539682539684,125.04960317460319,20.509428,72.773723
61.65674603174603,125.24801587301589,20.542507,72.627737
61.75595238095238,125.44642857142858,20.575587,72.481752
61.855158730158735,125.64484126984128,20.608667,72.335766
61.954365079365076,125.84325396825398,20.641747,72.189781
62.05357142857142,126.04166666666667,20.674826,72.043796
62.15277777777778,126.24007936507937,20.707906,71.897810
62.25198412698413,126.43849206349206,20.740986,71.751825
62.35119047619048,126.63690476190477,20.774065,71.605839
62.45039682539682,126.83531746031747,20.807145,71.459854
62.54960317460317,127.03373015873017,20.840225,71.313869
62.648809523809526,127.23214285714286,20.873305,71.167883
62.74801587301587,127.43055555555556,20.906384,71.021898
62.84722222222222,127.62896825396825,20.939464,70.875912
62.94642857142857,127.82738095238095,20.972544,70.729927
63.04563492063492,122.96626984126983,21.005624,74.306569
63.14484126984127,122.96626984126983,21.038703,74.306569
63.24404761904762,122.8670634920635,21.071783,74.379562
63.34325396825397,122.8670634920635,21.104863,74.379562
63.442460317460316,122.8670634920635,21.137942,74.379562
63.541666666666664,122.76785714285714,21.171022,74.452555
63.64087301587301,122.76785714285714,21.204102,74.452555
63.74007936507937,122.76785714285714,21.237182,74.452555
63.839285714285715,122.66865079365078,21.270261,74.525547
63.93849206349206,122.66865079365078,21.303341,74.525547
64.03769841269842,122.66865079365078,21.336421,74.525547
64.13690476190476,122.56944444444444,21.369500,74.598540
64.23611111111111,122.56944444444444,21.402580,74.598540
64.33531746031746,122.56944444444444,21.435660,74.598540
64.43452380952381,122.47023809523809,21.468740,74.671533
64.53373015873017,122.47023809523809,21.501819,74.671533
64.6329365079365,122.47023809523809,21.534899,74.671533
64.73214285714286,122.37103174603175,21.567979,74.744526
64.8313492063492,122.37103174603175,21.601059,74.744526
64.93055555555556,122.37103174603175,21.634138,74.744526
65.02976190476191,118.89880952380953,21.667218,77.299270
65.12896825396825,118.79960317460319,21.700298,77.372263
65.2281746031746,118.70039682539681,21.733377,77.445255
65.32738095238095,118.60119047619047,21.766457,77.518248
65.4265873015873,118.50198412698411,21.799537,77.591241
65.52579365079366,118.40277777777777,21.832617,77.664234
65.625,118.30357142857142,21.865696,77.737226
65.72420634920634,118.20436507936508,21.898776,77.810219
65.8234126984127,118.10515873015872,21.931856,77.883212
65.92261904761905,118.10515873015872,21.964935,77.883212
66.0218253968254,108.87896825396825,21.998015,84.671533
66.12103174603175,108.77976190476191,22.031095,84.744526
66.22023809523809,108.58134920634922,22.064175,84.890511
66.31944444444444,108.48214285714286,22.097254,84.963504
66.4186507936508,108.28373015873017,22.130334,85.109489
66.51785714285714,108.18452380952381,22.163414,85.182482
66.6170634920635,107.98611111111111,22.196494,85.328467
66.71626984126983,107.88690476190477,22.229573,85.401460
66.81547619047619,107.68849206349206,22.262653,85.547445
66.91468253968254,107.58928571428572,22.295733,85.620438
67.01388888888889,107.39087301587303,22.328812,85.766423
67.11309523809524,107.29166666666667,22.361892,85.839416
67.21230158730158,107.09325396825398,22.394972,85.985401
67.31150793650794,106.99404761904762,22.428052,86.058394
67.41071428571429,106.79563492063492,22.461131,86.204380
67.50992063492063,106.69642857142858,22.494211,86.277372
67.60912698412699,106.49801587301589,22.527291,86.423358
67.70833333333333,106.39880952380953,22.560370,86.496350
67.80753968253968,106.20039682539681,22.593450,86.642336
67.90674603174604,106.10119047619047,22.626530,86.715328
68.00595238095238,106.00198412698411,22.659610,86.788321
68.10515873015872,106.00198412698411,22.692689,86.788321
68.20436507936508,106.10119047619047,22.725769,86.715328
68.30357142857143,106.10119047619047,22.758849,86.715328
68.40277777777779,106.20039682539681,22.791929,86.642336
68.50198412698413,106.20039682539681,22.825008,86.642336
68.60119047619047,106.29960317460319,22.858088,86.569343
68.70039682539682,106.29960317460319,22.891168,86.569343
68.79960317460318,106.39880952380953,22.924247,86.496350
68.89880952380952,106.39880952380953,22.957327,86.496350
68.99801587301587,106.49801587301589,22.990407,86.423358
69.09722222222221,106.49801587301589,23.023487,86.423358
69.19642857142857,106.59722222222223,23.056566,86.350365
69.29563492063492,106.59722222222223,23.089646,86.350365
69.39484126984127,106.69642857142858,23.122726,86.277372
69.49404761904762,106.69642857142858,23.155805,86.277372
69.59325396825396,106.79563492063492,23.188885,86.204380
69.69246031746032,106.79563492063492,23.221965,86.204380
69.79166666666667,106.89484126984128,23.255045,86.131387
69.89087301587301,106.89484126984128,23.288124,86.131387
69.99007936507937,102.9265873015873,23.321204,89.051095
70.08928571428571,102.82738095238095,23.354284,89.124088
70.18849206349206,102.62896825396825,23.387364,89.270073
70.28769841269842,102.52976190476191,23.420443,89.343066
70.38690476190476,102.33134920634922,23.453523,89.489051
70.48611111111111,102.23214285714286,23.486603,89.562044
70.58531746031746,102.03373015873017,23.519682,89.708029
70.68452380952381,101.93452380952381,23.552762,89.781022
70.78373015873017,101.73611111111111,23.585842,89.927007
70.8829365079365,101.63690476190477,23.618922,90.000000
70.98214285714286,101.43849206349206,23.652001,90.145985
71.08134920634922,101.33928571428572,23.685081,90.218978
71.18055555555556,101.14087301587303,23.718161,90.364964
71.2797619047619,101.04166666666667,23.751240,90.437956
71.37896825396825,100.84325396825398,23.784320,90.583942
71.47817460317461,100.74404761904762,23.817400,90.656934
71.57738095238096,100.54563492063492,23.850480,90.802920
71.6765873015873,100.44642857142858,23.883559,90.875912
71.77579365079364,100.24801587301589,23.916639,91.021898
71.875,100.14880952380953,23.949719,91.094891
71.97420634920636,93.00595238095238,23.982799,96.350365
72.0734126984127,93.00595238095238,24.015878,96.350365
72.17261904761905,93.00595238095238,24.048958,96.350365
72.27182539682539,93.00595238095238,24.082038,96.350365
72.37103174603175,93.00595238095238,24.115117,96.350365
72.4702380952381,93.00595238095238,24.148197,96.350365
72.56944444444444,93.00595238095238,24.181277,96.350365
72.6686507936508,93.00595238095238,24.214357,96.350365
72.76785714285714,93.00595238095238,24.247436,96.350365
72.8670634920635,93.00595238095238,24.280516,96.350365
72.96626984126985,93.00595238095238,24.313596,96.350365
73.06547619047619,111.65674603174602,24.346675,82.627737
73.16468253968254,111.75595238095238,24.379755,82.554745
73.26388888888889,111.85515873015872,24.412835,82.481752
73.36309523809524,111.85515873015872,24.445915,82.481752
73.4623015873016,111.95436507936508,24.478994,82.408759
73.56150793650794,112.05357142857142,24.512074,82.335766
73.66071428571428,112.05357142857142,24.545154,82.335766
73.75992063492063,112.15277777777777,24.578234,82.262774
73.85912698412699,112.25198412698411,24.611313,82.189781
73.95833333333334,112.25198412698411,24.644393,82.189781
74.05753968253968,112.35119047619047,24.677473,82.116788
74.15674603174602,112.45039682539681,24.710552,82.043796
74.25595238095238,112.45039682539681,24.743632,82.043796
74.35515873015873,112.54960317460319,24.776712,81.970803
74.45436507936508,112.64880952380953,24.809792,81.897810
74.55357142857143,112.64880952380953,24.842871,81.897810
74.65277777777777,112.74801587301589,24.875951,81.824818
74.75198412698413,112.84722222222223,24.909031,81.751825
74.85119047619048,112.84722222222223,24.942110,81.751825
74.95039682539682,112.94642857142858,24.975190,81.678832
75.04960317460316,112.54960317460319,25.008270,81.970803
75.14880952380952,112.05357142857142,25.041350,82.335766
75.24801587301587,111.55753968253967,25.074429,82.700730
75.34722222222221,111.06150793650794,25.107509,83.065693
75.44642857142857,110.56547619047619,25.140589,83.430657
75.54563492063492,110.06944444444444,25.173669,83.795620
75.64484126984127,109.5734126984127,25.206748,84.160584
75.74404761904762,109.07738095238095,25.239828,84.525547
75.84325396825398,108.58134920634922,25.272908,84.890511
75.94246031746033,108.08531746031747,25.305987,85.255474
76.04166666666666,107.98611111111111,25.339067,85.328467
76.14087301587301,107.98611111111111,25.372147,85.328467
76.24007936507937,107.98611111111111,25.405227,85.328467
76.33928571428571,107.98611111111111,25.438306,85.328467
76.43849206349206,107.98611111111111,25.471386,85.328467
76.53769841269842,107.98611111111111,25.504466,85.328467
76.63690476190476,107.98611111111111,25.537545,85.328467
76.73611111111111,107.98611111111111,25.570625,85.328467
76.83531746031747,107.98611111111111,25.603705,85.328467
76.9345238095238,107.98611111111111,25.636785,85.328467
77.03373015873015,107.98611111111111,25.669864,85.328467
77.1329365079365,111.16071428571428,25.702944,82.992701
77.23214285714285,111.35912698412697,25.736024,82.846715
77.3313492063492,111.55753968253967,25.769104,82.700730
77.43055555555556,111.75595238095238,25.802183,82.554745
77.52976190476191,111.95436507936508,25.835263,82.408759
77.62896825396825,112.15277777777777,25.868343,82.262774
77.72817460317461,112.35119047619047,25.901422,82.116788
77.82738095238096,112.54960317460319,25.934502,81.970803
77.92658730158729,112.74801587301589,25.967582,81.824818
78.02579365079364,112.94642857142858,26.000662,81.678832
78.125,113.14484126984128,26.033741,81.532847
78.22420634920634,113.34325396825398,26.066821,81.386861
78.3234126984127,113.54166666666667,26.099901,81.240876
78.42261904761905,113.74007936507937,26.132980,81.094891
78.52182539682539,113.93849206349206,26.166060,80.948905
78.62103174603175,114.13690476190477,26.199140,80.802920
78.7202380952381,114.33531746031747,26.232220,80.656934
78.81944444444444,114.53373015873017,26.265299,80.510949
78.91865079365078,114.73214285714286,26.298379,80.364964
79.01785714285714,114.93055555555556,26.331459,80.218978
79.1170634920635,115.12896825396825,26.364539,80.072993
79.21626984126983,115.32738095238095,26.397618,79.927007
79.31547619047619,115.52579365079364,26.430698,79.781022
79.41468253968254,115.72420634920636,26.463778,79.635036
79.51388888888889,115.92261904761905,26.496857,79.489051
79.61309523809524,116.12103174603175,26.529937,79.343066
79.7123015873016,116.31944444444444,26.563017,79.197080
79.81150793650794,116.51785714285714,26.596097,79.051095
79.91071428571429,116.71626984126983,26.629176,78.905109
80.00992063492063,116.91468253968253,26.662256,78.759124
80.10912698412697,129.01785714285714,26.695336,69.854015
80.20833333333333,129.01785714285714,26.728415,69.854015
80.30753968253968,129.01785714285714,26.761495,69.854015
80.40674603174602,129.01785714285714,26.794575,69.854015
80.50595238095238,129.01785714285714,26.827655,69.854015
80.60515873015873,129.01785714285714,26.860734,69.854015
80.70436507936509,129.01785714285714,26.893814,69.854015
80.80357142857143,129.01785714285714,26.926894,69.854015
80.90277777777779,129.01785714285714,26.959974,69.854015
81.00198412698413,118.99801587301589,26.993053,77.226277
81.10119047619047,119.09722222222223,27.026133,77.153285
81.20039682539682,119.19642857142858,27.059213,77.080292
81.29960317460318,119.29563492063492,27.092292,77.007299
81.39880952380952,119.39484126984128,27.125372,76.934307
81.49801587301587,119.49404761904762,27.158452,76.861314
81.59722222222223,119.59325396825398,27.191532,76.788321
81.69642857142857,119.69246031746033,27.224611,76.715328
81.79563492063492,119.79166666666667,27.257691,76.642336
81.89484126984128,119.89087301587303,27.290771,76.569343
81.9940476190476,119.99007936507937,27.323850,76.496350
82.09325396825396,120.08928571428572,27.356930,76.423358
82.19246031746032,120.18849206349206,27.390010,76.350365
82.29166666666667,120.28769841269842,27.423090,76.277372
82.39087301587301,120.38690476190477,27.456169,76.204380
82.49007936507937,120.48611111111111,27.489249,76.131387
82.58928571428572,120.58531746031747,27.522329,76.058394
82.68849206349206,120.68452380952381,27.555409,75.985401
82.78769841269842,120.78373015873017,27.588488,75.912409
82.88690476190477,120.8829365079365,27.621568,75.839416
82.9861111111111,108.08531746031747,27.654648,85.255474
83.08531746031746,108.08531746031747,27.687727,85.255474
83.18452380952381,108.18452380952381,27.720807,85.182482
83.28373015873015,108.3829365079365,27.753887,85.036496
83.3829365079365,108.48214285714286,27.786967,84.963504
83.48214285714286,108.68055555555556,27.820046,84.817518
83.5813492063492,108.77976190476191,27.853126,84.744526
83.68055555555556,108.97817460317461,27.886206,84.598540
83.77976190476191,109.07738095238095,27.919285,84.525547
83.87896825396827,109.27579365079364,27.952365,84.379562
83.9781746031746,109.375,27.985445,84.306569
84.07738095238095,109.5734126984127,28.018525,84.160584
84.1765873015873,109.67261904761905,28.051604,84.087591
84.27579365079364,109.87103174603175,28.084684,83.941606
84.375,110.06944444444444,28.117764,83.795620
84.47420634920636,110.16865079365078,28.150844,83.722628
84.5734126984127,110.26785714285714,28.183923,83.649635
84.67261904761905,110.46626984126983,28.217003,83.503650
84.7718253968254,110.56547619047619,28.250083,83.430657
84.87103174603173,110.76388888888889,28.283162,83.284672
84.97023809523809,110.86309523809523,28.316242,83.211679
85.06944444444444,116.02182539682539,28.349322,79.416058
85.1686507936508,116.02182539682539,28.382402,79.416058
85.26785714285714,116.02182539682539,28.415481,79.416058
85.3670634920635,116.02182539682539,28.448561,79.416058
85.46626984126985,116.02182539682539,28.481641,79.416058
85.56547619047619,116.02182539682539,28.514720,79.416058
85.66468253968254,116.02182539682539,28.547800,79.416058
85.7638888888889,116.02182539682539,28.580880,79.416058
85.86309523809523,116.02182539682539,28.613960,79.416058
85.96230158730158,116.02182539682539,28.647039,79.416058
86.06150793650794,118.00595238095238,28.680119,77.956204
86.16071428571428,118.10515873015872,28.713199,77.883212
86.25992063492063,118.20436507936508,28.746279,77.810219
86.35912698412699,118.30357142857142,28.779358,77.737226
86.45833333333333,118.40277777777777,28.812438,77.664234
86.55753968253968,118.50198412698411,28.845518,77.591241
86.65674603174604,118.60119047619047,28.878597,77.518248
86.7559523809524,118.70039682539681,28.911677,77.445255
86.85515873015872,118.79960317460319,28.944757,77.372263
86.95436507936508,118.89880952380953,28.977837,77.299270
87.05357142857143,118.99801587301589,29.010916,77.226277
87.15277777777777,119.09722222222223,29.043996,77.153285
87.25198412698413,119.19642857142858,29.077076,77.080292
87.35119047619048,119.29563492063492,29.110155,77.007299
87.45039682539682,119.39484126984128,29.143235,76.934307
87.54960317460318,119.49404761904762,29.176315,76.861314
87.64880952380953,119.59325396825398,29.209395,76.788321
87.74801587301587,119.69246031746033,29.242474,76.715328
87.84722222222221,119.79166666666667,29.275554,76.642336
87.94642857142857,119.89087301587303,29.308634,76.569343
88.04563492063491,107.98611111111111,29.341714,85.328467
88.14484126984127,107.98611111111111,29.374793,85.328467
88.24404761904762,107.98611111111111,29.407873,85.328467
88.34325396825398,107.98611111111111,29.440953,85.328467
88.44246031746032,107.98611111111111,29.474032,85.328467
88.54166666666667,107.98611111111111,29.507112,85.328467
88.64087301587303,107.98611111111111,29.540192,85.328467
88.74007936507937,107.98611111111111,29.573272,85.328467
88.83928571428571,107.98611111111111,29.606351,85.328467
88.93849206349206,107.98611111111111,29.639431,85.328467
89.0376984126984,97.96626984126983,29.672511,92.700730
89.13690476190476,98.06547619047619,29.705590,92.627737
89.23611111111111,98.06547619047619,29.738670,92.627737
89.33531746031746,98.06547619047619,29.771750,92.627737
89.43452380952381,98.16468253968253,29.804830,92.554745
89.53373015873017,98.16468253968253,29.837909,92.554745
89.6329365079365,98.16468253968253,29.870989,92.554745
89.73214285714286,98.26388888888889,29.904069,92.481752
89.83134920634922,98.26388888888889,29.937149,92.481752
89.93055555555556,98.26388888888889,29.970228,92.481752
90.0297619047619,98.36309523809523,30.003308,92.408759
90.12896825396825,98.36309523809523,30.036388,92.408759
90.22817460317461,98.36309523809523,30.069467,92.408759
90.32738095238095,98.4623015873016,30.102547,92.335766
90.4265873015873,98.4623015873016,30.135627,92.335766
90.52579365079366,98.4623015873016,30.168707,92.335766
90.625,98.56150793650794,30.201786,92.262774
90.72420634920636,98.56150793650794,30.234866,92.262774
90.82341269841271,98.56150793650794,30.267946,92.262774
90.92261904761904,98.66071428571429,30.301025,92.189781
91.02182539682539,98.66071428571429,30.334105,92.189781
91.12103174603175,98.66071428571429,30.367185,92.189781
91.22023809523809,98.75992063492063,30.400265,92.116788
91.31944444444444,98.75992063492063,30.433344,92.116788
91.4186507936508,98.75992063492063,30.466424,92.116788
91.51785714285715,98.85912698412699,30.499504,92.043796
91.6170634920635,98.85912698412699,30.532584,92.043796
91.71626984126985,98.85912698412699,30.565663,92.043796
91.8154761904762,98.95833333333334,30.598743,91.970803
91.91468253968253,98.95833333333334,30.631823,91.970803
92.01388888888889,98.95833333333334,30.664902,91.970803
92.11309523809524,99.25595238095238,30.697982,91.751825
92.21230158730158,99.65277777777779,30.731062,91.459854
92.31150793650794,99.95039682539682,30.764142,91.240876
92.41071428571429,100.34722222222223,30.797221,90.948905
92.50992063492063,100.64484126984128,30.830301,90.729927
92.60912698412699,101.04166666666667,30.863381,90.437956
92.70833333333334,101.33928571428572,30.896460,90.218978
92.80753968253967,101.73611111111111,30.929540,89.927007
92.90674603174602,102.03373015873017,30.962620,89.708029
93.00595238095238,102.43055555555556,30.995700,89.416058
93.10515873015873,102.72817460317461,31.028779,89.197080
93.20436507936508,103.125,31.061859,88.905109
93.30357142857143,103.42261904761905,31.094939,88.686131
93.40277777777779,103.81944444444444,31.128019,88.394161
93.50198412698413,104.1170634920635,31.161098,88.175182
93.60119047619048,104.51388888888889,31.194178,87.883212
93.70039682539684,104.81150793650794,31.227258,87.664234
93.79960317460316,105.20833333333333,31.260337,87.372263
93.89880952380952,105.50595238095238,31.293417,87.153285
93.99801587301587,105.90277777777777,31.326497,86.861314
94.09722222222221,105.90277777777777,31.359577,86.861314
94.19642857142857,105.90277777777777,31.392656,86.861314
94.29563492063492,105.80357142857142,31.425736,86.934307
94.39484126984127,105.80357142857142,31.458816,86.934307
94.49404761904762,105.70436507936508,31.491895,87.007299
94.59325396825398,105.70436507936508,31.524975,87.007299
94.69246031746033,105.60515873015872,31.558055,87.080292
94.79166666666666,105.60515873015872,31.591135,87.080292
94.89087301587301,105.50595238095238,31.624214,87.153285
94.99007936507937,105.50595238095238,31.657294,87.153285
95.08928571428571,105.40674603174602,31.690374,87.226277
95.18849206349206,105.40674603174602,31.723454,87.226277
95.28769841269842,105.30753968253967,31.756533,87.299270
95.38690476190476,105.30753968253967,31.789613,87.299270
95.48611111111111,105.20833333333333,31.822693,87.372263
95.58531746031747,105.20833333333333,31.855772,87.372263
95.6845238095238,105.10912698412697,31.888852,87.445255
95.78373015873015,105.10912698412697,31.921932,87.445255
95.8829365079365,105.10912698412697,31.955012,87.445255
95.98214285714285,105.00992063492063,31.988091,87.518248
96.0813492063492,129.41468253968253,32.021171,69.562044
96.18055555555556,129.41468253968253,32.054251,69.562044
96.27976190476191,129.41468253968253,32.087330,69.562044
96.37896825396825,129.51388888888889,32.120410,69.489051
96.47817460317461,129.51388888888889,32.153490,69.489051
96.57738095238096,129.51388888888889,32.186570,69.489051
96.67658730158729,129.51388888888889,32.219649,69.489051
96.77579365079364,129.51388888888889,32.252729,69.489051
96.875,129.61309523809524,32.285809,69.416058
96.97420634920634,129.61309523809524,32.318889,69.416058
97.0734126984127,129.61309523809524,32.351968,69.416058
97.17261904761905,129.61309523809524,32.385048,69.416058
97.27182539682539,129.61309523809524,32.418128,69.416058
97.37103174603175,129.71230158730157,32.451207,69.343066
97.4702380952381,129.71230158730157,32.484287,69.343066
97.56944444444444,129.71230158730157,32.517367,69.343066
97.66865079365078,129.71230158730157,32.550447,69.343066
97.76785714285714,129.71230158730157,32.583526,69.343066
97.8670634920635,129.81150793650792,32.616606,69.270073
97.96626984126983,129.81150793650792,32.649686,69.270073
98.06547619047619,129.81150793650792,32.682765,69.270073
98.16468253968254,129.81150793650792,32.715845,69.270073
98.26388888888889,129.81150793650792,32.748925,69.270073
98.36309523809524,129.91071428571428,32.782005,69.197080
98.4623015873016,129.91071428571428,32.815084,69.197080
98.56150793650794,129.91071428571428,32.848164,69.197080
98.66071428571429,129.91071428571428,32.881244,69.197080
98.75992063492063,129.91071428571428,32.914324,69.197080
98.85912698412697,130.00992063492063,32.947403,69.124088
98.95833333333333,130.00992063492063,32.980483,69.124088
99.05753968253968,131.00198412698413,33.013563,68.394161
99.15674603174602,131.00198412698413,33.046642,68.394161
99.25595238095238,131.00198412698413,33.079722,68.394161
99.35515873015873,131.00198412698413,33.112802,68.394161
99.45436507936509,131.00198412698413,33.145882,68.394161
99.55357142857143,131.00198412698413,33.178961,68.394161
99.65277777777779,131.00198412698413,33.212041,68.394161
99.75198412698413,131.00198412698413,33.245121,68.394161
99.85119047619047,131.00198412698413,33.278200,68.394161
99.95039682539682,131.00198412698413,33.311280,68.394161
100.04960317460318,131.00198412698413,33.344360,68.394161
100.14880952380952,131.00198412698413,33.377440,68.394161
100.24801587301587,131.00198412698413,33.410519,68.394161
100.34722222222223,131.00198412698413,33.443599,68.394161
100.44642857142857,131.00198412698413,33.476679,68.394161
100.54563492063492,131.00198412698413,33.509759,68.394161
100.64484126984128,131.00198412698413,33.542838,68.394161
100.7440476190476,131.00198412698413,33.575918,68.394161
100.84325396825396,131.00198412698413,33.608998,68.394161
100.94246031746032,131.00198412698413,33.642077,68.394161
101.04166666666667,131.00198412698413,33.675157,68.394161
101.14087301587301,131.00198412698413,33.708237,68.394161
101.24007936507937,131.00198412698413,33.741317,68.394161
101.33928571428572,131.00198412698413,33.774396,68.394161
101.43849206349206,131.00198412698413,33.807476,68.394161
101.53769841269842,131.00198412698413,33.840556,68.394161
101.63690476190477,131.00198412698413,33.873635,68.394161
101.7361111111111,131.00198412698413,33.906715,68.394161
101.83531746031746,131.00198412698413,33.939795,68.394161
101.93452380952381,131.00198412698413,33.972875,68.394161
102.03373015873015,131.00198412698413,34.005954,68.394161
102.1329365079365,131.00198412698413,34.039034,68.394161
102.23214285714286,131.00198412698413,34.072114,68.394161
102.3313492063492,131.00198412698413,34.105194,68.394161
102.43055555555556,131.00198412698413,34.138273,68.394161
102.52976190476191,131.00198412698413,34.171353,68.394161
102.62896825396827,131.00198412698413,34.204433,68.394161
102.7281746031746,131.00198412698413,34.237512,68.394161
102.82738095238095,131.00198412698413,34.270592,68.394161
102.9265873015873,131.00198412698413,34.303672,68.394161
103.02579365079364,131.00198412698413,34.336752,68.394161
103.125,131.00198412698413,34.369831,68.394161
103.22420634920636,131.00198412698413,34.402911,68.394161
103.3234126984127,131.00198412698413,34.435991,68.394161
103.42261904761905,131.00198412698413,34.469070,68.394161
103.5218253968254,131.00198412698413,34.502150,68.394161
103.62103174603173,131.00198412698413,34.535230,68.394161
103.72023809523809,131.00198412698413,34.568310,68.394161
103.81944444444444,131.00198412698413,34.601389,68.394161
103.9186507936508,131.00198412698413,34.634469,68.394161
104.01785714285714,131.00198412698413,34.667549,68.394161
104.1170634920635,131.59722222222223,34.700629,67.956204
104.21626984126985,132.390873015873,34.733708,67.372263
104.31547619047619,133.18452380952382,34.766788,66.788321
104.41468253968254,133.9781746031746,34.799868,66.204380
104.5138888888889,134.7718253968254,34.832947,65.620438
104.61309523809523,135.56547619047618,34.866027,65.036496
104.71230158730158,136.359126984127,34.899107,64.452555
104.81150793650794,137.15277777777777,34.932187,63.868613
104.91071428571428,137.94642857142858,34.965266,63.284672
105.00992063492063,138.74007936507937,34.998346,62.700730
105.10912698412699,141.81547619047618,35.031426,60.437956
105.20833333333333,141.71626984126985,35.064505,60.510949
105.30753968253968,141.6170634920635,35.097585,60.583942
105.40674603174604,141.51785714285714,35.130665,60.656934
105.5059523809524,141.41865079365078,35.163745,60.729927
105.60515873015872,141.31944444444443,35.196824,60.802920
105.70436507936508,141.2202380952381,35.229904,60.875912
105.80357142857143,141.12103174603175,35.262984,60.948905
105.90277777777777,141.0218253968254,35.296064,61.021898
106.00198412698413,140.92261904761904,35.329143,61.094891
106.10119047619048,140.8234126984127,35.362223,61.167883
106.20039682539682,140.72420634920636,35.395303,61.240876
106.29960317460318,140.625,35.428382,61.313869
106.39880952380953,140.52579365079364,35.461462,61.386861
106.49801587301587,140.4265873015873,35.494542,61.459854
106.59722222222221,140.32738095238096,35.527622,61.532847
106.69642857142857,140.2281746031746,35.560701,61.605839
106.79563492063491,140.12896825396825,35.593781,61.678832
106.89484126984127,140.0297619047619,35.626861,61.751825
106.99404761904762,136.06150793650792,35.659940,64.671533
107.09325396825398,136.06150793650792,35.693020,64.671533
107.19246031746032,136.06150793650792,35.726100,64.671533
107.29166666666667,136.06150793650792,35.759180,64.671533
107.39087301587303,136.06150793650792,35.792259,64.671533
107.49007936507937,136.06150793650792,35.825339,64.671533
107.58928571428571,136.06150793650792,35.858419,64.671533
107.68849206349206,136.06150793650792,35.891499,64.671533
107.7876984126984,136.06150793650792,35.924578,64.671533
107.88690476190476,136.06150793650792,35.957658,64.671533
107.98611111111111,136.06150793650792,35.990738,64.671533
108.08531746031746,136.06150793650792,36.023817,64.671533
108.18452380952381,136.06150793650792,36.056897,64.671533
108.28373015873017,136.06150793650792,36.089977,64.671533
108.3829365079365,136.06150793650792,36.123057,64.671533
108.48214285714286,136.06150793650792,36.156136,64.671533
108.58134920634922,136.06150793650792,36.189216,64.671533
108.68055555555556,136.06150793650792,36.222296,64.671533
108.7797619047619,136.06150793650792,36.255375,64.671533
108.87896825396825,136.06150793650792,36.288455,64.671533
108.97817460317461,136.06150793650792,36.321535,64.671533
109.07738095238095,136.06150793650792,36.354615,64.671533
109.1765873015873,136.06150793650792,36.387694,64.671533
109.27579365079366,136.06150793650792,36.420774,64.671533
109.375,136.06150793650792,36.453854,64.671533
109.47420634920636,136.06150793650792,36.486934,64.671533
109.57341269841271,136.06150793650792,36.520013,64.671533
109.67261904761904,136.06150793650792,36.553093,64.671533
109.77182539682539,136.06150793650792,36.586173,64.671533
109.87103174603175,136.06150793650792,36.619252,64.671533
109.97023809523809,136.06150793650792,36.652332,64.671533
110.06944444444444,136.06150793650792,36.685412,64.671533
110.1686507936508,136.06150793650792,36.718492,64.671533
110.26785714285715,136.06150793650792,36.751571,64.671533
110.3670634920635,136.06150793650792,36.784651,64.671533
110.46626984126985,136.06150793650792,36.817731,64.671533
110.5654761904762,136.06150793650792,36.850810,64.671533
110.66468253968253,136.06150793650792,36.883890,64.671533
110.76388888888889,136.06150793650792,36.916970,64.671533
110.86309523809524,136.06150793650792,36.950050,64.671533
110.96230158730158,136.06150793650792,36.983129,64.671533
111.06150793650794,136.06150793650792,37.016209,64.671533
111.16071428571429,136.06150793650792,37.049289,64.671533
111.25992063492063,136.06150793650792,37.082369,64.671533
111.35912698412699,136.06150793650792,37.115448,64.671533
111.45833333333334,136.06150793650792,37.148528,64.671533
111.55753968253967,136.06150793650792,37.181608,64.671533
111.65674603174602,136.06150793650792,37.214687,64.671533
111.75595238095238,136.06150793650792,37.247767,64.671533
111.85515873015873,136.06150793650792,37.280847,64.671533
111.95436507936508,136.06150793650792,37.313927,64.671533
112.05357142857143,141.0218253968254,37.347006,61.021898
112.15277777777779,141.0218253968254,37.380086,61.021898
112.25198412698413,141.12103174603175,37.413166,60.948905
112.35119047619048,141.12103174603175,37.446245,60.948905
112.45039682539684,141.2202380952381,37.479325,60.875912
112.54960317460316,141.2202380952381,37.512405,60.875912
112.64880952380952,141.31944444444443,37.545485,60.802920
112.74801587301587,141.31944444444443,37.578564,60.802920
112.84722222222221,141.41865079365078,37.611644,60.729927
112.94642857142857,141.41865079365078,37.644724,60.729927
113.04563492063492,141.51785714285714,37.677804,60.656934
113.14484126984127,141.51785714285714,37.710883,60.656934
113.24404761904762,141.6170634920635,37.743963,60.583942
113.34325396825398,141.6170634920635,37.777043,60.583942
113.44246031746033,141.71626984126985,37.810122,60.510949
113.54166666666666,141.71626984126985,37.843202,60.510949
113.64087301587301,141.81547619047618,37.876282,60.437956
113.74007936507937,141.81547619047618,37.909362,60.437956
113.83928571428571,141.91468253968253,37.942441,60.364964
113.93849206349206,141.91468253968253,37.975521,60.364964
114.03769841269842,142.01388888888889,38.008601,60.291971
114.13690476190476,175.0496031746032,38.041680,35.985401
114.23611111111111,175.0496031746032,38.074760,35.985401
114.33531746031747,175.0496031746032,38.107840,35.985401
114.4345238095238,175.0496031746032,38.140920,35.985401
114.53373015873015,175.0496031746032,38.173999,35.985401
114.6329365079365,175.0496031746032,38.207079,35.985401
114.73214285714285,175.0496031746032,38.240159,35.985401
114.8313492063492,175.0496031746032,38.273239,35.985401
114.93055555555556,175.0496031746032,38.306318,35.985401
115.02976190476191,175.0496031746032,38.339398,35.985401
115.12896825396825,175.0496031746032,38.372478,35.985401
115.22817460317461,175.0496031746032,38.405557,35.985401
115.32738095238096,175.0496031746032,38.438637,35.985401
115.42658730158729,175.0496031746032,38.471717,35.985401
115.52579365079364,175.0496031746032,38.504797,35.985401
115.625,175.0496031746032,38.537876,35.985401
115.72420634920634,175.0496031746032,38.570956,35.985401
115.8234126984127,175.0496031746032,38.604036,35.985401
115.92261904761905,175.0496031746032,38.637115,35.985401
116.02182539682539,174.05753968253967,38.670195,36.715328
116.12103174603175,174.05753968253967,38.703275,36.715328
116.2202380952381,174.05753968253967,38.736355,36.715328
116.31944444444444,174.05753968253967,38.769434,36.715328
116.41865079365078,174.05753968253967,38.802514,36.715328
116.51785714285714,174.05753968253967,38.835594,36.715328
116.6170634920635,174.05753968253967,38.868674,36.715328
116.71626984126983,174.05753968253967,38.901753,36.715328
116.81547619047619,174.05753968253967,38.934833,36.715328
116.91468253968254,174.05753968253967,38.967913,36.715328
117.01388888888889,174.05753968253967,39.000992,36.715328
117.11309523809524,174.05753968253967,39.034072,36.715328
117.2123015873016,174.05753968253967,39.067152,36.715328
117.31150793650794,174.05753968253967,39.100232,36.715328
117.41071428571429,174.05753968253967,39.133311,36.715328
117.50992063492063,174.05753968253967,39.166391,36.715328
117.60912698412697,174.05753968253967,39.199471,36.715328
117.70833333333333,174.05753968253967,39.232550,36.715328
117.80753968253968,174.05753968253967,39.265630,36.715328
117.90674603174602,174.05753968253967,39.298710,36.715328
118.00595238095238,174.05753968253967,39.331790,36.715328
118.10515873015873,174.05753968253967,39.364869,36.715328
118.20436507936509,174.05753968253967,39.397949,36.715328
118.30357142857143,174.05753968253967,39.431029,36.715328
118.40277777777779,174.05753968253967,39.464109,36.715328
118.50198412698413,174.05753968253967,39.497188,36.715328
118.60119047619047,174.05753968253967,39.530268,36.715328
118.70039682539682,174.05753968253967,39.563348,36.715328
118.79960317460318,174.05753968253967,39.596427,36.715328
118.89880952380952,174.05753968253967,39.629507,36.715328
118.99801587301587,173.95833333333331,39.662587,36.788321
119.09722222222223,173.75992063492063,39.695667,36.934307
119.19642857142857,173.56150793650792,39.728746,37.080292
119.29563492063492,173.36309523809524,39.761826,37.226277
119.39484126984128,173.16468253968253,39.794906,37.372263
119.4940476190476,172.96626984126985,39.827985,37.518248
119.59325396825396,172.76785714285714,39.861065,37.664234
119.69246031746032,172.56944444444443,39.894145,37.810219
119.79166666666667,172.37103174603175,39.927225,37.956204
119.89087301587301,172.17261904761904,39.960304,38.102190
119.99007936507937,171.97420634920636,39.993384,38.248175
120.08928571428572,171.77579365079364,40.026464,38.394161
120.18849206349206,171.57738095238096,40.059543,38.540146
120.28769841269842,171.37896825396825,40.092623,38.686131
120.38690476190477,171.18055555555557,40.125703,38.832117
120.4861111111111,170.98214285714286,40.158783,38.978102
120.58531746031746,170.78373015873015,40.191862,39.124088
120.68452380952381,170.58531746031747,40.224942,39.270073
120.78373015873015,170.38690476190476,40.258022,39.416058
120.8829365079365,170.18849206349208,40.291102,39.562044
120.98214285714286,169.99007936507937,40.324181,39.708029
121.0813492063492,169.99007936507937,40.357261,39.708029
121.18055555555556,169.99007936507937,40.390341,39.708029
121.27976190476191,169.99007936507937,40.423420,39.708029
121.37896825396827,169.99007936507937,40.456500,39.708029
121.4781746031746,169.99007936507937,40.489580,39.708029
121.57738095238095,169.99007936507937,40.522660,39.708029
121.6765873015873,169.99007936507937,40.555739,39.708029
121.77579365079364,169.99007936507937,40.588819,39.708029
121.875,169.99007936507937,40.621899,39.708029
121.97420634920636,169.99007936507937,40.654978,39.708029
122.0734126984127,169.99007936507937,40.688058,39.708029
122.17261904761905,169.99007936507937,40.721138,39.708029
122.2718253968254,169.99007936507937,40.754218,39.708029
122.37103174603173,169.99007936507937,40.787297,39.708029
122.47023809523809,169.99007936507937,40.820377,39.708029
122.56944444444444,169.99007936507937,40.853457,39.708029
122.6686507936508,169.99007936507937,40.886537,39.708029
122.76785714285714,169.99007936507937,40.919616,39.708029
122.8670634920635,169.99007936507937,40.952696,39.708029
122.96626984126985,169.99007936507937,40.985776,39.708029
123.06547619047619,169.79166666666669,41.018855,39.854015
123.16468253968254,169.59325396825398,41.051935,40.000000
123.2638888888889,169.39484126984127,41.085015,40.145985
123.36309523809523,169.19642857142858,41.118095,40.291971
123.46230158730158,168.99801587301587,41.151174,40.437956
123.56150793650794,168.7996031746032,41.184254,40.583942
123.66071428571428,168.60119047619045,41.217334,40.729927
123.75992063492063,168.40277777777777,41.250413,40.875912
123.85912698412699,168.20436507936506,41.283493,41.021898
123.95833333333333,168.00595238095238,41.316573,41.167883
124.05753968253968,168.10515873015873,41.349653,41.094891
124.15674603174604,168.20436507936506,41.382732,41.021898
124.2559523809524,168.40277777777777,41.415812,40.875912
124.35515873015872,168.60119047619045,41.448892,40.729927
124.45436507936508,168.7996031746032,41.481972,40.583942
124.55357142857143,169.09722222222223,41.515051,40.364964
124.65277777777777,169.19642857142858,41.548131,40.291971
124.75198412698413,169.39484126984127,41.581211,40.145985
124.85119047619048,169.59325396825398,41.614290,40.000000
124.95039682539682,169.79166666666669,41.647370,39.854015
125.04960317460318,170.08928571428572,41.680450,39.635036
125.14880952380953,170.18849206349208,41.713530,39.562044
125.24801587301587,170.38690476190476,41.746609,39.416058
125.34722222222221,170.58531746031747,41.779689,39.270073
125.44642857142857,170.78373015873015,41.812769,39.124088
125.54563492063491,170.98214285714286,41.845848,38.978102
125.64484126984127,171.18055555555557,41.878928,38.832117
125.74404761904762,171.37896825396825,41.912008,38.686131
125.84325396825398,171.57738095238096,41.945088,38.540146
125.94246031746032,171.77579365079364,41.978167,38.394161
126.04166666666667,196.08134920634922,42.011247,20.510949
126.14087301587303,221.08134920634922,42.044327,2.116788
126.24007936507937,221.18055555555554,42.077407,2.043796
126.33928571428571,221.2797619047619,42.110486,1.970803
126.43849206349206,221.37896825396822,42.143566,1.897810
126.5376984126984,221.4781746031746,42.176646,1.824818
126.63690476190476,221.57738095238093,42.209725,1.751825
126.73611111111111,221.6765873015873,42.242805,1.678832
126.83531746031746,221.77579365079362,42.275885,1.605839
126.93452380952381,221.875,42.308965,1.532847
127.03373015873017,221.97420634920638,42.342044,1.459854
127.1329365079365,222.0734126984127,42.375124,1.386861
127.23214285714286,222.17261904761907,42.408204,1.313869
127.33134920634922,222.2718253968254,42.441283,1.240876
127.43055555555556,222.37103174603178,42.474363,1.167883
127.5297619047619,222.4702380952381,42.507443,1.094891
127.62896825396825,222.56944444444446,42.540523,1.021898
127.72817460317461,222.66865079365078,42.573602,0.948905
127.82738095238095,222.76785714285717,42.606682,0.875912
127.9265873015873,222.8670634920635,42.639762,0.802920
128.02579365079364,222.96626984126985,42.672842,0.729927
128.125,223.06547619047618,42.705921,0.656934
128.22420634920636,223.16468253968256,42.739001,0.583942
128.3234126984127,223.26388888888889,42.772081,0.510949
128.42261904761904,223.36309523809524,42.805160,0.437956
128.5218253968254,223.46230158730157,42.838240,0.364964
128.62103174603175,223.56150793650795,42.871320,0.291971
128.72023809523807,223.66071428571428,42.904400,0.218978
128.81944444444443,223.75992063492066,42.937479,0.145985
128.91865079365078,223.859126984127,42.970559,0.072993
129.01785714285714,223.95833333333334,43.003639,0.000000
129.1170634920635,223.859126984127,43.036718,0.072993
129.21626984126985,223.859126984127,43.069798,0.072993
129.3154761904762,223.75992063492066,43.102878,0.145985
129.41468253968253,223.66071428571428,43.135958,0.218978
129.51388888888889,223.66071428571428,43.169037,0.218978
129.61309523809524,223.56150793650795,43.202117,0.291971
129.71230158730157,223.46230158730157,43.235197,0.364964
129.81150793650792,223.46230158730157,43.268277,0.364964
129.91071428571428,223.36309523809524,43.301356,0.437956
130.00992063492063,216.91468253968256,43.334436,5.182482
130.109126984127,216.71626984126985,43.367516,5.328467
130.20833333333334,216.51785714285717,43.400595,5.474453
130.30753968253967,216.31944444444446,43.433675,5.620438
130.40674603174602,216.12103174603178,43.466755,5.766423
130.50595238095238,215.92261904761907,43.499835,5.912409
130.60515873015873,215.72420634920638,43.532914,6.058394
130.7043650793651,215.52579365079362,43.565994,6.204380
130.80357142857142,215.32738095238093,43.599074,6.350365
130.90277777777777,215.12896825396822,43.632153,6.496350
131.00198412698413,215.0297619047619,43.665233,6.569343
131.10119047619048,214.93055555555554,43.698313,6.642336
131.20039682539684,214.93055555555554,43.731393,6.642336
131.29960317460316,214.83134920634922,43.764472,6.715328
131.39880952380952,214.83134920634922,43.797552,6.715328
131.49801587301587,214.73214285714283,43.830632,6.788321
131.59722222222223,214.6329365079365,43.863712,6.861314
131.69642857142858,214.6329365079365,43.896791,6.861314
131.7956349206349,214.53373015873015,43.929871,6.934307
131.89484126984127,214.53373015873015,43.962951,6.934307
131.99404761904762,214.43452380952382,43.996030,7.007299
132.09325396825398,214.43452380952382,44.029110,7.007299
132.19246031746033,214.33531746031744,44.062190,7.080292
132.29166666666666,214.33531746031744,44.095270,7.080292
132.390873015873,214.23611111111111,44.128349,7.153285
132.49007936507937,214.23611111111111,44.161429,7.153285
132.58928571428572,214.13690476190476,44.194509,7.226277
132.68849206349208,214.13690476190476,44.227588,7.226277
132.78769841269843,214.03769841269843,44.260668,7.299270
132.88690476190476,214.03769841269843,44.293748,7.299270
132.98611111111111,214.03769841269843,44.326828,7.299270
133.08531746031747,217.01388888888889,44.359907,5.109489
133.1845238095238,217.01388888888889,44.392987,5.109489
133.28373015873015,217.01388888888889,44.426067,5.109489
133.3829365079365,217.01388888888889,44.459147,5.109489
133.48214285714286,217.01388888888889,44.492226,5.109489
133.58134920634922,217.11309523809524,44.525306,5.036496
133.68055555555557,217.11309523809524,44.558386,5.036496
133.77976190476193,217.11309523809524,44.591465,5.036496
133.87896825396825,217.11309523809524,44.624545,5.036496
133.9781746031746,217.11309523809524,44.657625,5.036496
134.07738095238096,217.11309523809524,44.690705,5.036496
134.1765873015873,217.11309523809524,44.723784,5.036496
134.27579365079364,217.21230158730157,44.756864,4.963504
134.375,217.21230158730157,44.789944,4.963504
134.47420634920636,217.21230158730157,44.823023,4.963504
134.5734126984127,217.21230158730157,44.856103,4.963504
134.67261904761907,217.21230158730157,44.889183,4.963504
134.7718253968254,217.21230158730157,44.922263,4.963504
134.87103174603175,217.21230158730157,44.955342,4.963504
134.9702380952381,217.31150793650795,44.988422,4.890511
135.06944444444443,217.31150793650795,45.021502,4.890511
135.16865079365078,217.31150793650795,45.054582,4.890511
135.26785714285714,217.31150793650795,45.087661,4.890511
135.3670634920635,217.31150793650795,45.120741,4.890511
135.46626984126985,217.31150793650795,45.153821,4.890511
135.5654761904762,217.31150793650795,45.186900,4.890511
135.66468253968256,217.41071428571428,45.219980,4.817518
135.76388888888889,217.41071428571428,45.253060,4.817518
135.86309523809524,217.41071428571428,45.286140,4.817518
135.9623015873016,217.41071428571428,45.319219,4.817518
136.06150793650792,217.41071428571428,45.352299,4.817518
136.16071428571428,217.41071428571428,45.385379,4.817518
136.25992063492063,217.41071428571428,45.418458,4.817518
136.359126984127,217.50992063492066,45.451538,4.744526
136.45833333333334,217.50992063492066,45.484618,4.744526
136.5575396825397,217.50992063492066,45.517698,4.744526
136.65674603174602,217.50992063492066,45.550777,4.744526
136.75595238095238,217.50992063492066,45.583857,4.744526
136.85515873015873,217.50992063492066,45.616937,4.744526
136.9543650793651,217.609126984127,45.650017,4.671533
137.05357142857142,217.609126984127,45.683096,4.671533
137.15277777777777,217.609126984127,45.716176,4.671533
137.25198412698413,217.609126984127,45.749256,4.671533
137.35119047619048,217.609126984127,45.782335,4.671533
137.45039682539684,217.609126984127,45.815415,4.671533
137.5496031746032,217.609126984127,45.848495,4.671533
137.64880952380952,217.70833333333334,45.881575,4.598540
137.74801587301587,217.70833333333334,45.914654,4.598540
137.84722222222223,217.70833333333334,45.947734,4.598540
137.94642857142856,217.70833333333334,45.980814,4.598540
138.0456349206349,217.70833333333334,46.013893,4.598540
138.14484126984127,217.70833333333334,46.046973,4.598540
138.24404761904762,217.70833333333334,46.080053,4.598540
138.34325396825398,217.80753968253967,46.113133,4.525547
138.44246031746033,217.80753968253967,46.146212,4.525547
138.54166666666669,217.80753968253967,46.179292,4.525547
138.640873015873,217.80753968253967,46.212372,4.525547
138.74007936507937,217.80753968253967,46.245452,4.525547
138.83928571428572,217.80753968253967,46.278531,4.525547
138.93849206349205,217.80753968253967,46.311611,4.525547
139.0376984126984,215.0297619047619,46.344691,6.569343
139.13690476190476,215.0297619047619,46.377770,6.569343
139.23611111111111,215.12896825396822,46.410850,6.496350
139.33531746031747,215.12896825396822,46.443930,6.496350
139.43452380952382,215.12896825396822,46.477010,6.496350
139.53373015873015,215.12896825396822,46.510089,6.496350
139.6329365079365,215.2281746031746,46.543169,6.423358
139.73214285714286,215.2281746031746,46.576249,6.423358
139.8313492063492,215.2281746031746,46.609328,6.423358
139.93055555555554,215.32738095238093,46.642408,6.350365
140.0297619047619,215.32738095238093,46.675488,6.350365
140.12896825396825,215.32738095238093,46.708568,6.350365
140.2281746031746,215.4265873015873,46.741647,6.277372
140.32738095238096,215.4265873015873,46.774727,6.277372
140.42658730158732,215.4265873015873,46.807807,6.277372
140.52579365079364,215.52579365079362,46.840887,6.204380
140.625,215.52579365079362,46.873966,6.204380
140.72420634920636,215.52579365079362,46.907046,6.204380
140.82341269841268,215.625,46.940126,6.131387
140.92261904761904,215.625,46.973205,6.131387
141.0218253968254,215.625,47.006285,6.131387
141.12103174603175,215.72420634920638,47.039365,6.058394
141.2202380952381,215.72420634920638,47.072445,6.058394
141.31944444444446,215.72420634920638,47.105524,6.058394
141.4186507936508,215.8234126984127,47.138604,5.985401
141.51785714285714,215.8234126984127,47.171684,5.985401
141.6170634920635,215.8234126984127,47.204763,5.985401
141.71626984126985,215.92261904761907,47.237843,5.912409
141.81547619047618,215.92261904761907,47.270923,5.912409
141.91468253968253,215.92261904761907,47.304003,5.912409
142.01388888888889,208.9781746031746,47.337082,11.021898
142.11309523809524,208.9781746031746,47.370162,11.021898
142.2123015873016,208.87896825396822,47.403242,11.094891
142.31150793650795,208.87896825396822,47.436322,11.094891
142.41071428571428,208.7797619047619,47.469401,11.167883
142.50992063492063,208.7797619047619,47.502481,11.167883
142.609126984127,208.68055555555554,47.535561,11.240876
142.70833333333331,208.68055555555554,47.568640,11.240876
142.80753968253967,208.58134920634922,47.601720,11.313869
142.90674603174602,208.58134920634922,47.634800,11.313869
143.00595238095238,188.93849206349208,47.667880,25.766423
143.10515873015873,188.83928571428572,47.700959,25.839416
143.2043650793651,188.74007936507937,47.734039,25.912409
143.30357142857144,188.640873015873,47.767119,25.985401
143.40277777777777,188.54166666666669,47.800198,26.058394
143.50198412698413,188.44246031746033,47.833278,26.131387
143.60119047619048,188.34325396825398,47.866358,26.204380
143.7003968253968,188.24404761904762,47.899438,26.277372
143.79960317460316,188.14484126984127,47.932517,26.350365
143.89880952380952,188.04563492063494,47.965597,26.423358
143.99801587301587,188.04563492063494,47.998677,26.423358
144.09722222222223,188.04563492063494,48.031757,26.423358
144.19642857142858,188.04563492063494,48.064836,26.423358
144.2956349206349,188.14484126984127,48.097916,26.350365
144.39484126984127,188.14484126984127,48.130996,26.350365
144.49404761904762,188.24404761904762,48.164075,26.277372
144.59325396825398,188.24404761904762,48.197155,26.277372
144.6924603174603,188.34325396825398,48.230235,26.204380
144.79166666666666,188.34325396825398,48.263315,26.204380
144.890873015873,188.44246031746033,48.296394,26.131387
144.99007936507937,188.44246031746033,48.329474,26.131387
145.08928571428572,188.54166666666669,48.362554,26.058394
145.18849206349208,188.54166666666669,48.395633,26.058394
145.2876984126984,188.640873015873,48.428713,25.985401
145.38690476190476,188.640873015873,48.461793,25.985401
145.48611111111111,188.74007936507937,48.494873,25.912409
145.58531746031744,188.74007936507937,48.527952,25.912409
145.6845238095238,188.83928571428572,48.561032,25.839416
145.78373015873015,188.83928571428572,48.594112,25.839416
145.8829365079365,188.93849206349208,48.627192,25.766423
145.98214285714286,186.06150793650792,48.660271,27.883212
146.08134920634922,186.06150793650792,48.693351,27.883212
146.18055555555557,186.06150793650792,48.726431,27.883212
146.2797619047619,186.06150793650792,48.759510,27.883212
146.37896825396825,186.06150793650792,48.792590,27.883212
146.4781746031746,186.06150793650792,48.825670,27.883212
146.57738095238093,186.06150793650792,48.858750,27.883212
146.6765873015873,186.06150793650792,48.891829,27.883212
146.77579365079364,186.06150793650792,48.924909,27.883212
146.875,186.06150793650792,48.957989,27.883212
146.97420634920636,186.06150793650792,48.991068,27.883212
147.0734126984127,186.16071428571428,49.024148,27.810219
147.17261904761904,186.55753968253967,49.057228,27.518248
147.2718253968254,186.95436507936506,49.090308,27.226277
147.37103174603175,187.35119047619045,49.123387,26.934307
147.47023809523807,187.74801587301587,49.156467,26.642336
147.56944444444443,188.14484126984127,49.189547,26.350365
147.66865079365078,188.54166666666669,49.222627,26.058394
147.76785714285714,188.93849206349208,49.255706,25.766423
147.8670634920635,189.33531746031747,49.288786,25.474453
147.96626984126985,189.73214285714286,49.321866,25.182482
148.0654761904762,190.0297619047619,49.354945,24.963504
148.16468253968253,190.0297619047619,49.388025,24.963504
148.26388888888889,190.0297619047619,49.421105,24.963504
148.36309523809524,190.0297619047619,49.454185,24.963504
148.46230158730157,190.0297619047619,49.487264,24.963504
148.56150793650792,190.0297619047619,49.520344,24.963504
148.66071428571428,190.0297619047619,49.553424,24.963504
148.75992063492063,190.0297619047619,49.586503,24.963504
148.859126984127,190.0297619047619,49.619583,24.963504
148.95833333333334,190.0297619047619,49.652663,24.963504
149.05753968253967,190.0297619047619,49.685743,24.963504
149.15674603174602,190.0297619047619,49.718822,24.963504
149.25595238095238,190.0297619047619,49.751902,24.963504
149.35515873015873,190.0297619047619,49.784982,24.963504
149.4543650793651,190.0297619047619,49.818062,24.963504
149.55357142857142,190.0297619047619,49.851141,24.963504
149.65277777777777,190.0297619047619,49.884221,24.963504
149.75198412698413,190.0297619047619,49.917301,24.963504
149.85119047619048,190.0297619047619,49.950380,24.963504
149.95039682539684,190.0297619047619,49.983460,24.963504
150.0496031746032,190.0297619047619,50.016540,24.963504
150.14880952380952,190.0297619047619,50.049620,24.963504
150.24801587301587,190.0297619047619,50.082699,24.963504
150.34722222222223,190.0297619047619,50.115779,24.963504
150.44642857142858,190.0297619047619,50.148859,24.963504
150.5456349206349,190.0297619047619,50.181938,24.963504
150.64484126984127,190.0297619047619,50.215018,24.963504
150.74404761904762,190.0297619047619,50.248098,24.963504
150.84325396825395,190.0297619047619,50.281178,24.963504
150.94246031746033,190.0297619047619,50.314257,24.963504
151.04166666666666,179.91071428571428,50.347337,32.408759
151.140873015873,179.81150793650792,50.380417,32.481752
151.24007936507937,179.71230158730157,50.413497,32.554745
151.33928571428572,179.61309523809524,50.446576,32.627737
151.43849206349205,179.51388888888889,50.479656,32.700730
151.53769841269843,179.41468253968253,50.512736,32.773723
151.63690476190476,179.31547619047618,50.545815,32.846715
151.73611111111111,179.21626984126985,50.578895,32.919708
151.83531746031747,179.1170634920635,50.611975,32.992701
151.9345238095238,179.01785714285714,50.645055,33.065693
152.03373015873018,179.01785714285714,50.678134,33.065693
152.1329365079365,179.01785714285714,50.711214,33.065693
152.23214285714286,179.01785714285714,50.744294,33.065693
152.33134920634922,179.01785714285714,50.777373,33.065693
152.43055555555557,179.01785714285714,50.810453,33.065693
152.5297619047619,179.01785714285714,50.843533,33.065693
152.62896825396825,179.01785714285714,50.876613,33.065693
152.7281746031746,179.01785714285714,50.909692,33.065693
152.82738095238093,179.01785714285714,50.942772,33.065693
152.92658730158732,179.01785714285714,50.975852,33.065693
153.02579365079364,179.01785714285714,51.008932,33.065693
153.125,179.01785714285714,51.042011,33.065693
153.22420634920636,179.01785714285714,51.075091,33.065693
153.3234126984127,179.01785714285714,51.108171,33.065693
153.42261904761904,179.01785714285714,51.141250,33.065693
153.52182539682542,179.01785714285714,51.174330,33.065693
153.62103174603175,179.01785714285714,51.207410,33.065693
153.72023809523807,179.01785714285714,51.240490,33.065693
153.81944444444446,179.01785714285714,51.273569,33.065693
153.91865079365078,179.01785714285714,51.306649,33.065693
154.01785714285714,179.01785714285714,51.339729,33.065693
154.1170634920635,179.01785714285714,51.372808,33.065693
154.21626984126985,179.01785714285714,51.405888,33.065693
154.31547619047618,179.01785714285714,51.438968,33.065693
154.41468253968256,179.01785714285714,51.472048,33.065693
154.51388888888889,179.01785714285714,51.505127,33.065693
154.6130952380952,179.01785714285714,51.538207,33.065693
154.7123015873016,179.01785714285714,51.571287,33.065693
154.81150793650792,179.01785714285714,51.604367,33.065693
154.9107142857143,179.01785714285714,51.637446,33.065693
155.00992063492063,179.01785714285714,51.670526,33.065693
155.109126984127,179.01785714285714,51.703606,33.065693
155.20833333333334,179.01785714285714,51.736685,33.065693
155.3075396825397,179.01785714285714,51.769765,33.065693
155.40674603174602,179.01785714285714,51.802845,33.065693
155.5059523809524,179.01785714285714,51.835925,33.065693
155.60515873015873,179.01785714285714,51.869004,33.065693
155.70436507936506,179.01785714285714,51.902084,33.065693
155.80357142857144,179.01785714285714,51.935164,33.065693
155.90277777777777,179.01785714285714,51.968243,33.065693
156.00198412698413,179.01785714285714,52.001323,33.065693
156.10119047619048,179.01785714285714,52.034403,33.065693
156.20039682539684,179.01785714285714,52.067483,33.065693
156.29960317460316,179.01785714285714,52.100562,33.065693
156.39880952380955,179.01785714285714,52.133642,33.065693
156.49801587301587,179.01785714285714,52.166722,33.065693
156.5972222222222,179.01785714285714,52.199802,33.065693
156.69642857142858,179.01785714285714,52.232881,33.065693
156.7956349206349,179.01785714285714,52.265961,33.065693
156.89484126984127,179.01785714285714,52.299041,33.065693
156.99404761904762,179.01785714285714,52.332120,33.065693
157.09325396825398,179.01785714285714,52.365200,33.065693
157.1924603174603,179.01785714285714,52.398280,33.065693
157.29166666666669,179.01785714285714,52.431360,33.065693
157.390873015873,179.01785714285714,52.464439,33.065693
157.49007936507934,179.01785714285714,52.497519,33.065693
157.58928571428572,179.01785714285714,52.530599,33.065693
157.68849206349205,179.01785714285714,52.563678,33.065693
157.7876984126984,179.01785714285714,52.596758,33.065693
157.88690476190476,179.01785714285714,52.629838,33.065693
157.98611111111111,179.01785714285714,52.662918,33.065693
158.08531746031747,190.625,52.695997,24.525547
158.18452380952382,190.625,52.729077,24.525547
158.28373015873015,190.625,52.762157,24.525547
158.38293650793653,190.625,52.795237,24.525547
158.48214285714286,190.625,52.828316,24.525547
158.5813492063492,190.52579365079364,52.861396,24.598540
158.68055555555557,190.52579365079364,52.894476,24.598540
158.7797619047619,190.52579365079364,52.927555,24.598540
158.87896825396825,190.52579365079364,52.960635,24.598540
158.9781746031746,190.52579365079364,52.993715,24.598540
159.07738095238096,190.52579365079364,53.026795,24.598540
159.1765873015873,190.4265873015873,53.059874,24.671533
159.27579365079367,190.4265873015873,53.092954,24.671533
159.375,190.4265873015873,53.126034,24.671533
159.47420634920633,190.4265873015873,53.159113,24.671533
159.5734126984127,190.4265873015873,53.192193,24.671533
159.67261904761904,190.4265873015873,53.225273,24.671533
159.7718253968254,190.32738095238096,53.258353,24.744526
159.87103174603175,190.32738095238096,53.291432,24.744526
159.9702380952381,186.06150793650792,53.324512,27.883212
160.06944444444443,186.06150793650792,53.357592,27.883212
160.1686507936508,186.06150793650792,53.390672,27.883212
160.26785714285714,186.06150793650792,53.423751,27.883212
160.36706349206347,186.06150793650792,53.456831,27.883212
160.46626984126985,186.06150793650792,53.489911,27.883212
160.56547619047618,186.06150793650792,53.522990,27.883212
160.66468253968253,186.06150793650792,53.556070,27.883212
160.76388888888889,186.06150793650792,53.589150,27.883212
160.86309523809524,186.06150793650792,53.622230,27.883212
160.9623015873016,186.06150793650792,53.655309,27.883212
161.06150793650795,186.06150793650792,53.688389,27.883212
161.16071428571428,186.06150793650792,53.721469,27.883212
161.25992063492066,186.06150793650792,53.754548,27.883212
161.359126984127,186.06150793650792,53.787628,27.883212
161.45833333333331,186.06150793650792,53.820708,27.883212
161.5575396825397,186.06150793650792,53.853788,27.883212
161.65674603174602,186.06150793650792,53.886867,27.883212
161.75595238095238,186.06150793650792,53.919947,27.883212
161.85515873015873,186.06150793650792,53.953027,27.883212
161.9543650793651,186.06150793650792,53.986107,27.883212
162.05357142857142,186.06150793650792,54.019186,27.883212
162.1527777777778,186.06150793650792,54.052266,27.883212
162.25198412698413,186.06150793650792,54.085346,27.883212
162.35119047619045,186.06150793650792,54.118425,27.883212
162.45039682539684,186.06150793650792,54.151505,27.883212
162.54960317460316,186.06150793650792,54.184585,27.883212
162.64880952380952,186.06150793650792,54.217665,27.883212
162.74801587301587,186.06150793650792,54.250744,27.883212
162.84722222222223,186.06150793650792,54.283824,27.883212
162.94642857142856,186.06150793650792,54.316904,27.883212
163.04563492063494,186.06150793650792,54.349983,27.883212
163.14484126984127,186.06150793650792,54.383063,27.883212
163.2440476190476,186.06150793650792,54.416143,27.883212
163.34325396825398,186.06150793650792,54.449223,27.883212
163.4424603174603,186.06150793650792,54.482302,27.883212
163.54166666666666,186.06150793650792,54.515382,27.883212
163.640873015873,186.06150793650792,54.548462,27.883212
163.74007936507937,186.06150793650792,54.581542,27.883212
163.8392857142857,186.06150793650792,54.614621,27.883212
163.93849206349208,186.06150793650792,54.647701,27.883212
164.0376984126984,186.06150793650792,54.680781,27.883212
164.1369047619048,186.16071428571428,54.713860,27.810219
164.23611111111111,186.359126984127,54.746940,27.664234
164.33531746031744,186.55753968253967,54.780020,27.518248
164.43452380952382,186.75595238095238,54.813100,27.372263
164.53373015873015,186.95436507936506,54.846179,27.226277
164.6329365079365,187.15277777777777,54.879259,27.080292
164.73214285714286,187.35119047619045,54.912339,26.934307
164.83134920634922,187.5496031746032,54.945418,26.788321
164.93055555555554,187.74801587301587,54.978498,26.642336
165.02976190476193,182.98611111111111,55.011578,30.145985
165.12896825396825,182.98611111111111,55.044658,30.145985
165.22817460317458,182.98611111111111,55.077737,30.145985
165.32738095238096,182.98611111111111,55.110817,30.145985
165.4265873015873,182.98611111111111,55.143897,30.145985
165.52579365079364,182.98611111111111,55.176977,30.145985
165.625,182.98611111111111,55.210056,30.145985
165.72420634920636,182.98611111111111,55.243136,30.145985
165.82341269841268,182.98611111111111,55.276216,30.145985
165.92261904761907,182.98611111111111,55.309295,30.145985
166.0218253968254,182.98611111111111,55.342375,30.145985
166.12103174603175,182.98611111111111,55.375455,30.145985
166.2202380952381,182.98611111111111,55.408535,30.145985
166.31944444444443,182.98611111111111,55.441614,30.145985
166.41865079365078,182.98611111111111,55.474694,30.145985
166.51785714285714,182.98611111111111,55.507774,30.145985
166.6170634920635,182.98611111111111,55.540853,30.145985
166.71626984126982,182.98611111111111,55.573933,30.145985
166.8154761904762,182.98611111111111,55.607013,30.145985
166.91468253968253,182.98611111111111,55.640093,30.145985
167.01388888888889,182.98611111111111,55.673172,30.145985
167.11309523809524,183.3829365079365,55.706252,29.854015
167.21230158730157,184.07738095238096,55.739332,29.343066
167.31150793650795,184.5734126984127,55.772412,28.978102
167.41071428571428,185.16865079365078,55.805491,28.540146
167.50992063492063,185.76388888888889,55.838571,28.102190
167.609126984127,186.359126984127,55.871651,27.664234
167.70833333333334,186.95436507936506,55.904730,27.226277
167.80753968253967,187.5496031746032,55.937810,26.788321
167.90674603174605,188.14484126984127,55.970890,26.350365
168.00595238095238,152.9265873015873,56.003970,52.262774
168.10515873015873,152.82738095238096,56.037049,52.335766
168.2043650793651,152.7281746031746,56.070129,52.408759
168.30357142857142,152.62896825396825,56.103209,52.481752
168.40277777777777,152.5297619047619,56.136288,52.554745
168.50198412698413,152.43055555555557,56.169368,52.627737
168.60119047619048,152.33134920634922,56.202448,52.700730
168.7003968253968,152.23214285714286,56.235528,52.773723
168.7996031746032,152.1329365079365,56.268607,52.846715
168.89880952380952,152.1329365079365,56.301687,52.846715
168.99801587301587,152.03373015873015,56.334767,52.919708
169.09722222222223,151.93452380952382,56.367847,52.992701
169.19642857142858,151.93452380952382,56.400926,52.992701
169.2956349206349,151.93452380952382,56.434006,52.992701
169.39484126984127,151.83531746031747,56.467086,53.065693
169.49404761904762,151.83531746031747,56.500165,53.065693
169.59325396825395,151.83531746031747,56.533245,53.065693
169.69246031746033,151.73611111111111,56.566325,53.138686
169.79166666666666,151.73611111111111,56.599405,53.138686
169.890873015873,151.73611111111111,56.632484,53.138686
169.99007936507937,151.63690476190476,56.665564,53.211679
170.08928571428572,151.63690476190476,56.698644,53.211679
170.18849206349205,151.63690476190476,56.731723,53.211679
170.28769841269843,151.53769841269843,56.764803,53.284672
170.38690476190476,151.53769841269843,56.797883,53.284672
170.48611111111111,151.53769841269843,56.830963,53.284672
170.58531746031747,151.43849206349208,56.864042,53.357664
170.6845238095238,151.43849206349208,56.897122,53.357664
170.78373015873018,151.43849206349208,56.930202,53.357664
170.8829365079365,151.33928571428572,56.963282,53.430657
170.98214285714286,151.33928571428572,56.996361,53.430657
171.08134920634922,151.33928571428572,57.029441,53.430657
171.18055555555557,151.24007936507937,57.062521,53.503650
171.2797619047619,151.24007936507937,57.095600,53.503650
171.37896825396825,151.24007936507937,57.128680,53.503650
171.4781746031746,151.140873015873,57.161760,53.576642
171.57738095238093,151.140873015873,57.194840,53.576642
171.67658730158732,151.140873015873,57.227919,53.576642
171.77579365079364,151.04166666666669,57.260999,53.649635
171.875,151.04166666666669,57.294079,53.649635
171.97420634920636,139.03769841269843,57.327158,62.481752
172.0734126984127,139.03769841269843,57.360238,62.481752
172.17261904761904,139.03769841269843,57.393318,62.481752
172.27182539682542,139.13690476190476,57.426398,62.408759
172.37103174603175,139.13690476190476,57.459477,62.408759
172.47023809523807,139.23611111111111,57.492557,62.335766
172.56944444444446,139.23611111111111,57.525637,62.335766
172.66865079365078,139.33531746031747,57.558717,62.262774
172.76785714285714,139.33531746031747,57.591796,62.262774
172.8670634920635,139.43452380952382,57.624876,62.189781
172.96626984126985,139.43452380952382,57.657956,62.189781
173.06547619047618,139.53373015873015,57.691035,62.116788
173.16468253968256,139.53373015873015,57.724115,62.116788
173.26388888888889,139.6329365079365,57.757195,62.043796
173.3630952380952,139.6329365079365,57.790275,62.043796
173.4623015873016,139.73214285714286,57.823354,61.970803
173.56150793650792,139.73214285714286,57.856434,61.970803
173.6607142857143,139.83134920634922,57.889514,61.897810
173.75992063492063,139.83134920634922,57.922593,61.897810
173.859126984127,139.93055555555557,57.955673,61.824818
173.95833333333334,139.93055555555557,57.988753,61.824818
174.0575396825397,139.83134920634922,58.021833,61.897810
174.15674603174602,139.6329365079365,58.054912,62.043796
174.2559523809524,139.43452380952382,58.087992,62.189781
174.35515873015873,139.23611111111111,58.121072,62.335766
174.45436507936506,139.03769841269843,58.154152,62.481752
174.55357142857144,138.83928571428572,58.187231,62.627737
174.65277777777777,138.640873015873,58.220311,62.773723
174.75198412698413,138.44246031746033,58.253391,62.919708
174.85119047619048,138.24404761904762,58.286470,63.065693
174.95039682539684,138.04563492063494,58.319550,63.211679
175.04960317460316,137.84722222222223,58.352630,63.357664
175.14880952380955,137.64880952380955,58.385710,63.503650
175.24801587301587,137.4503968253968,58.418789,63.649635
175.3472222222222,137.25198412698413,58.451869,63.795620
175.44642857142858,137.05357142857142,58.484949,63.941606
175.5456349206349,136.85515873015873,58.518028,64.087591
175.64484126984127,136.65674603174602,58.551108,64.233577
175.74404761904762,136.45833333333331,58.584188,64.379562
175.84325396825398,136.25992063492063,58.617268,64.525547
175.9424603174603,136.06150793650792,58.650347,64.671533
176.04166666666669,136.06150793650792,58.683427,64.671533
176.140873015873,136.25992063492063,58.716507,64.525547
176.24007936507934,136.45833333333331,58.749587,64.379562
176.33928571428572,136.65674603174602,58.782666,64.233577
176.43849206349205,136.85515873015873,58.815746,64.087591
176.5376984126984,137.05357142857142,58.848826,63.941606
176.63690476190476,137.25198412698413,58.881905,63.795620
176.73611111111111,137.4503968253968,58.914985,63.649635
176.83531746031747,137.64880952380955,58.948065,63.503650
176.93452380952382,137.84722222222223,58.981145,63.357664
177.03373015873015,138.04563492063494,59.014224,63.211679
177.13293650793653,138.14484126984127,59.047304,63.138686
177.23214285714286,138.34325396825398,59.080384,62.992701
177.3313492063492,138.54166666666669,59.113463,62.846715
177.43055555555557,138.74007936507937,59.146543,62.700730
177.5297619047619,138.93849206349208,59.179623,62.554745
177.62896825396825,139.13690476190476,59.212703,62.408759
177.7281746031746,139.33531746031747,59.245782,62.262774
177.82738095238096,139.53373015873015,59.278862,62.116788
177.9265873015873,139.73214285714286,59.311942,61.970803
178.02579365079367,139.93055555555557,59.345022,61.824818
178.125,143.40277777777777,59.378101,59.270073
178.22420634920633,143.60119047619045,59.411181,59.124088
178.3234126984127,143.7003968253968,59.444261,59.051095
178.42261904761904,143.7996031746032,59.477340,58.978102
178.5218253968254,143.99801587301587,59.510420,58.832117
178.62103174603175,144.09722222222223,59.543500,58.759124
178.7202380952381,144.19642857142858,59.576580,58.686131
178.81944444444443,144.39484126984127,59.609659,58.540146
178.9186507936508,144.49404761904762,59.642739,58.467153
179.01785714285714,144.59325396825398,59.675819,58.394161
179.11706349206347,144.79166666666669,59.708898,58.248175
179.21626984126985,144.890873015873,59.741978,58.175182
179.31547619047618,145.08928571428572,59.775058,58.029197
179.41468253968253,145.18849206349208,59.808138,57.956204
179.51388888888889,145.28769841269843,59.841217,57.883212
179.61309523809524,145.48611111111111,59.874297,57.737226
179.7123015873016,145.58531746031747,59.907377,57.664234
179.81150793650795,145.68452380952382,59.940457,57.591241
179.91071428571428,145.8829365079365,59.973536,57.445255
180.00992063492066,145.98214285714286,60.006616,57.372263
180.109126984127,145.98214285714286,60.039696,57.372263
180.20833333333331,145.98214285714286,60.072775,57.372263
180.3075396825397,145.8829365079365,60.105855,57.445255
180.40674603174602,145.8829365079365,60.138935,57.445255
180.50595238095238,145.8829365079365,60.172015,57.445255
180.60515873015873,145.8829365079365,60.205094,57.445255
180.7043650793651,145.78373015873015,60.238174,57.518248
180.80357142857142,145.78373015873015,60.271254,57.518248
180.9027777777778,145.78373015873015,60.304333,57.518248
181.00198412698413,135.96230158730157,60.337413,64.744526
181.10119047619045,135.96230158730157,60.370493,64.744526
181.20039682539684,135.86309523809524,60.403573,64.817518
181.29960317460316,135.86309523809524,60.436652,64.817518
181.39880952380952,135.76388888888889,60.469732,64.890511
181.49801587301587,135.76388888888889,60.502812,64.890511
181.59722222222223,135.66468253968253,60.535891,64.963504
181.69642857142856,135.66468253968253,60.568971,64.963504
181.79563492063494,135.56547619047618,60.602051,65.036496
181.89484126984127,135.56547619047618,60.635131,65.036496
181.9940476190476,135.46626984126985,60.668210,65.109489
182.09325396825398,135.46626984126985,60.701290,65.109489
182.1924603174603,135.3670634920635,60.734370,65.182482
182.29166666666666,135.3670634920635,60.767450,65.182482
182.390873015873,135.26785714285714,60.800529,65.255474
182.49007936507937,135.26785714285714,60.833609,65.255474
182.5892857142857,135.16865079365078,60.866689,65.328467
182.68849206349208,135.16865079365078,60.899768,65.328467
182.7876984126984,135.06944444444443,60.932848,65.401460
182.8869047619048,135.06944444444443,60.965928,65.401460
182.98611111111111,131.99404761904762,60.999008,67.664234
183.08531746031744,131.89484126984127,61.032087,67.737226
183.18452380952382,131.89484126984127,61.065167,67.737226
183.28373015873015,131.79563492063494,61.098247,67.810219
183.3829365079365,131.79563492063494,61.131326,67.810219
183.48214285714286,131.69642857142858,61.164406,67.883212
183.58134920634922,131.69642857142858,61.197486,67.883212
183.68055555555554,131.59722222222223,61.230566,67.956204
183.77976190476193,131.59722222222223,61.263645,67.956204
183.87896825396825,131.49801587301587,61.296725,68.029197
183.97817460317458,131.49801587301587,61.329805,68.029197
184.07738095238096,131.39880952380955,61.362885,68.102190
184.1765873015873,131.39880952380955,61.395964,68.102190
184.27579365079364,131.2996031746032,61.429044,68.175182
184.375,131.2996031746032,61.462124,68.175182
184.47420634920636,131.2003968253968,61.495203,68.248175
184.57341269841268,131.2003968253968,61.528283,68.248175
184.67261904761907,131.10119047619045,61.561363,68.321168
184.7718253968254,131.10119047619045,61.594443,68.321168
184.87103174603175,131.10119047619045,61.627522,68.321168
184.9702380952381,129.01785714285714,61.660602,69.854015
185.06944444444443,128.91865079365078,61.693682,69.927007
185.16865079365078,128.91865079365078,61.726761,69.927007
185.26785714285714,128.91865079365078,61.759841,69.927007
185.3670634920635,128.81944444444443,61.792921,70.000000
185.46626984126982,128.81944444444443,61.826001,70.000000
185.5654761904762,128.81944444444443,61.859080,70.000000
185.66468253968253,128.7202380952381,61.892160,70.072993
185.76388888888889,128.7202380952381,61.925240,70.072993
185.86309523809524,128.7202380952381,61.958320,70.072993
185.96230158730157,124.05753968253967,61.991399,73.503650
186.06150793650795,124.05753968253967,62.024479,73.503650
186.16071428571428,124.05753968253967,62.057559,73.503650
186.25992063492063,124.05753968253967,62.090638,73.503650
186.359126984127,124.05753968253967,62.123718,73.503650
186.45833333333334,124.05753968253967,62.156798,73.503650
186.55753968253967,124.05753968253967,62.189878,73.503650
186.65674603174605,124.05753968253967,62.222957,73.503650
186.75595238095238,124.05753968253967,62.256037,73.503650
186.85515873015873,124.15674603174602,62.289117,73.430657
186.9543650793651,124.15674603174602,62.322196,73.430657
187.05357142857142,124.15674603174602,62.355276,73.430657
187.15277777777777,124.15674603174602,62.388356,73.430657
187.25198412698413,124.15674603174602,62.421436,73.430657
187.35119047619048,124.15674603174602,62.454515,73.430657
187.4503968253968,124.15674603174602,62.487595,73.430657
187.5496031746032,124.15674603174602,62.520675,73.430657
187.64880952380952,124.25595238095238,62.553755,73.357664
187.74801587301587,124.25595238095238,62.586834,73.357664
187.84722222222223,124.25595238095238,62.619914,73.357664
187.94642857142858,124.25595238095238,62.652994,73.357664
188.0456349206349,124.25595238095238,62.686073,73.357664
188.14484126984127,124.25595238095238,62.719153,73.357664
188.24404761904762,124.25595238095238,62.752233,73.357664
188.34325396825395,124.25595238095238,62.785313,73.357664
188.44246031746033,124.35515873015872,62.818392,73.284672
188.54166666666666,124.35515873015872,62.851472,73.284672
188.640873015873,124.35515873015872,62.884552,73.284672
188.74007936507937,124.35515873015872,62.917631,73.284672
188.83928571428572,124.35515873015872,62.950711,73.284672
188.93849206349205,124.35515873015872,62.983791,73.284672
189.03769841269843,118.99801587301589,63.016871,77.226277
189.13690476190476,118.99801587301589,63.049950,77.226277
189.23611111111111,118.99801587301589,63.083030,77.226277
189.33531746031747,118.99801587301589,63.116110,77.226277
189.4345238095238,118.99801587301589,63.149190,77.226277
189.53373015873018,118.99801587301589,63.182269,77.226277
189.6329365079365,118.99801587301589,63.215349,77.226277
189.73214285714286,118.99801587301589,63.248429,77.226277
189.83134920634922,118.99801587301589,63.281508,77.226277
189.93055555555557,118.99801587301589,63.314588,77.226277
190.0297619047619,111.06150793650794,63.347668,83.065693
190.12896825396825,111.06150793650794,63.380748,83.065693
190.2281746031746,111.06150793650794,63.413827,83.065693
190.32738095238093,111.06150793650794,63.446907,83.065693
190.42658730158732,111.06150793650794,63.479987,83.065693
190.52579365079364,111.06150793650794,63.513066,83.065693
190.625,111.06150793650794,63.546146,83.065693
190.72420634920636,111.06150793650794,63.579226,83.065693
190.8234126984127,111.06150793650794,63.612306,83.065693
190.92261904761904,111.06150793650794,63.645385,83.065693
191.02182539682542,111.06150793650794,63.678465,83.065693
191.12103174603175,112.05357142857142,63.711545,82.335766
191.22023809523807,112.05357142857142,63.744625,82.335766
191.31944444444446,112.05357142857142,63.777704,82.335766
191.41865079365078,112.05357142857142,63.810784,82.335766
191.51785714285714,112.05357142857142,63.843864,82.335766
191.6170634920635,112.05357142857142,63.876943,82.335766
191.71626984126985,112.05357142857142,63.910023,82.335766
191.81547619047618,112.05357142857142,63.943103,82.335766
191.91468253968256,112.05357142857142,63.976183,82.335766
192.01388888888889,111.06150793650794,64.009262,83.065693
192.1130952380952,111.06150793650794,64.042342,83.065693
192.2123015873016,111.06150793650794,64.075422,83.065693
192.31150793650792,111.06150793650794,64.108501,83.065693
192.4107142857143,111.06150793650794,64.141581,83.065693
192.50992063492063,111.06150793650794,64.174661,83.065693
192.609126984127,111.06150793650794,64.207741,83.065693
192.70833333333334,111.06150793650794,64.240820,83.065693
192.8075396825397,111.06150793650794,64.273900,83.065693
192.90674603174602,111.06150793650794,64.306980,83.065693
193.0059523809524,111.06150793650794,64.340060,83.065693
193.10515873015873,111.06150793650794,64.373139,83.065693
193.20436507936506,111.06150793650794,64.406219,83.065693
193.30357142857144,111.06150793650794,64.439299,83.065693
193.40277777777777,111.06150793650794,64.472378,83.065693
193.50198412698413,111.06150793650794,64.505458,83.065693
193.60119047619048,111.06150793650794,64.538538,83.065693
193.70039682539684,111.06150793650794,64.571618,83.065693
193.79960317460316,111.06150793650794,64.604697,83.065693
193.89880952380955,111.06150793650794,64.637777,83.065693
193.99801587301587,111.06150793650794,64.670857,83.065693
194.0972222222222,111.06150793650794,64.703936,83.065693
194.19642857142858,111.06150793650794,64.737016,83.065693
194.2956349206349,111.06150793650794,64.770096,83.065693
194.39484126984127,111.06150793650794,64.803176,83.065693
194.49404761904762,111.06150793650794,64.836255,83.065693
194.59325396825398,111.06150793650794,64.869335,83.065693
194.6924603174603,111.06150793650794,64.902415,83.065693
194.79166666666669,111.06150793650794,64.935495,83.065693
194.890873015873,111.06150793650794,64.968574,83.065693
194.99007936507934,111.06150793650794,65.001654,83.065693
195.08928571428572,111.06150793650794,65.034734,83.065693
195.18849206349205,111.06150793650794,65.067813,83.065693
195.2876984126984,111.06150793650794,65.100893,83.065693
195.38690476190476,111.06150793650794,65.133973,83.065693
195.48611111111111,111.06150793650794,65.167053,83.065693
195.58531746031747,111.06150793650794,65.200132,83.065693
195.68452380952382,111.06150793650794,65.233212,83.065693
195.78373015873015,111.06150793650794,65.266292,83.065693
195.88293650793653,111.06150793650794,65.299371,83.065693
195.98214285714286,111.06150793650794,65.332451,83.065693
196.0813492063492,111.06150793650794,65.365531,83.065693
196.18055555555557,111.06150793650794,65.398611,83.065693
196.2797619047619,111.06150793650794,65.431690,83.065693
196.37896825396825,111.06150793650794,65.464770,83.065693
196.4781746031746,111.06150793650794,65.497850,83.065693
196.57738095238096,111.06150793650794,65.530930,83.065693
196.6765873015873,111.06150793650794,65.564009,83.065693
196.77579365079367,111.06150793650794,65.597089,83.065693
196.875,111.06150793650794,65.630169,83.065693
196.97420634920633,111.06150793650794,65.663248,83.065693
197.0734126984127,111.06150793650794,65.696328,83.065693
197.17261904761904,111.06150793650794,65.729408,83.065693
197.2718253968254,111.06150793650794,65.762488,83.065693
197.37103174603175,111.06150793650794,65.795567,83.065693
197.4702380952381,111.06150793650794,65.828647,83.065693
197.56944444444443,111.06150793650794,65.861727,83.065693
197.6686507936508,111.06150793650794,65.894806,83.065693
197.76785714285714,111.06150793650794,65.927886,83.065693
197.86706349206347,111.06150793650794,65.960966,83.065693
197.96626984126985,111.06150793650794,65.994046,83.065693
198.06547619047618,111.06150793650794,66.027125,83.065693
198.16468253968253,111.06150793650794,66.060205,83.065693
198.26388888888889,111.06150793650794,66.093285,83.065693
198.36309523809524,111.06150793650794,66.126365,83.065693
198.4623015873016,111.06150793650794,66.159444,83.065693
198.56150793650795,111.06150793650794,66.192524,83.065693
198.66071428571428,111.06150793650794,66.225604,83.065693
198.75992063492066,111.06150793650794,66.258683,83.065693
198.859126984127,111.06150793650794,66.291763,83.065693
198.95833333333331,111.06150793650794,66.324843,83.065693
199.0575396825397,111.95436507936508,66.357923,82.408759
199.15674603174602,111.95436507936508,66.391002,82.408759
199.25595238095238,111.95436507936508,66.424082,82.408759
199.35515873015873,111.95436507936508,66.457162,82.408759
199.4543650793651,111.95436507936508,66.490241,82.408759
199.55357142857142,111.95436507936508,66.523321,82.408759
199.6527777777778,111.95436507936508,66.556401,82.408759
199.75198412698413,111.95436507936508,66.589481,82.408759
199.85119047619045,111.95436507936508,66.622560,82.408759
199.95039682539684,111.95436507936508,66.655640,82.408759
200.04960317460316,111.95436507936508,66.688720,82.408759
200.14880952380952,111.95436507936508,66.721800,82.408759
200.24801587301587,111.85515873015872,66.754879,82.481752
200.34722222222223,111.85515873015872,66.787959,82.481752
200.44642857142856,111.85515873015872,66.821039,82.481752
200.54563492063494,111.85515873015872,66.854118,82.481752
200.64484126984127,111.85515873015872,66.887198,82.481752
200.7440476190476,111.85515873015872,66.920278,82.481752
200.84325396825398,111.85515873015872,66.953358,82.481752
200.9424603174603,111.85515873015872,66.986437,82.481752
201.04166666666666,111.85515873015872,67.019517,82.481752
201.140873015873,111.85515873015872,67.052597,82.481752
201.24007936507937,111.85515873015872,67.085676,82.481752
201.3392857142857,111.85515873015872,67.118756,82.481752
201.43849206349208,111.75595238095238,67.151836,82.554745
201.5376984126984,111.75595238095238,67.184916,82.554745
201.6369047619048,111.75595238095238,67.217995,82.554745
201.73611111111111,111.75595238095238,67.251075,82.554745
201.83531746031744,111.75595238095238,67.284155,82.554745
201.93452380952382,111.75595238095238,67.317235,82.554745
202.03373015873015,111.75595238095238,67.350314,82.554745
202.1329365079365,111.75595238095238,67.383394,82.554745
202.23214285714286,111.75595238095238,67.416474,82.554745
202.33134920634922,111.75595238095238,67.449553,82.554745
202.43055555555554,111.75595238095238,67.482633,82.554745
202.52976190476193,111.75595238095238,67.515713,82.554745
202.62896825396825,111.65674603174602,67.548793,82.627737
202.72817460317458,111.65674603174602,67.581872,82.627737
202.82738095238096,111.65674603174602,67.614952,82.627737
202.9265873015873,111.65674603174602,67.648032,82.627737
203.02579365079364,111.65674603174602,67.681111,82.627737
203.125,111.65674603174602,67.714191,82.627737
203.22420634920636,111.65674603174602,67.747271,82.627737
203.32341269841268,111.65674603174602,67.780351,82.627737
203.42261904761907,111.65674603174602,67.813430,82.627737
203.5218253968254,111.65674603174602,67.846510,82.627737
203.62103174603175,111.65674603174602,67.879590,82.627737
203.7202380952381,111.65674603174602,67.912670,82.627737
203.81944444444443,111.55753968253967,67.945749,82.700730
203.91865079365078,111.55753968253967,67.978829,82.700730
204.01785714285714,111.55753968253967,68.011909,82.700730
204.1170634920635,111.55753968253967,68.044988,82.700730
204.21626984126982,111.55753968253967,68.078068,82.700730
204.3154761904762,111.55753968253967,68.111148,82.700730
204.41468253968253,111.55753968253967,68.144228,82.700730
204.51388888888889,111.55753968253967,68.177307,82.700730
204.61309523809524,111.55753968253967,68.210387,82.700730
204.71230158730157,111.55753968253967,68.243467,82.700730
204.81150793650795,111.55753968253967,68.276546,82.700730
204.91071428571428,111.55753968253967,68.309626,82.700730
205.00992063492063,111.45833333333333,68.342706,82.773723
205.109126984127,111.45833333333333,68.375786,82.773723
205.20833333333334,111.45833333333333,68.408865,82.773723
205.30753968253967,111.45833333333333,68.441945,82.773723
205.40674603174605,111.45833333333333,68.475025,82.773723
205.50595238095238,111.45833333333333,68.508105,82.773723
205.60515873015873,111.45833333333333,68.541184,82.773723
205.7043650793651,111.45833333333333,68.574264,82.773723
205.80357142857142,111.45833333333333,68.607344,82.773723
205.90277777777777,111.45833333333333,68.640423,82.773723
206.00198412698413,105.00992063492063,68.673503,87.518248
206.10119047619048,104.91071428571428,68.706583,87.591241
206.2003968253968,104.91071428571428,68.739663,87.591241
206.2996031746032,104.81150793650794,68.772742,87.664234
206.39880952380952,104.81150793650794,68.805822,87.664234
206.49801587301587,104.71230158730158,68.838902,87.737226
206.59722222222223,104.71230158730158,68.871981,87.737226
206.69642857142858,104.61309523809523,68.905061,87.810219
206.7956349206349,104.61309523809523,68.938141,87.810219
206.89484126984127,104.51388888888889,68.971221,87.883212
206.99404761904762,101.04166666666667,69.004300,90.437956
207.09325396825395,101.04166666666667,69.037380,90.437956
207.19246031746033,101.04166666666667,69.070460,90.437956
207.29166666666666,101.04166666666667,69.103540,90.437956
207.390873015873,101.04166666666667,69.136619,90.437956
207.49007936507937,101.14087301587303,69.169699,90.364964
207.58928571428572,101.14087301587303,69.202779,90.364964
207.68849206349205,101.14087301587303,69.235858,90.364964
207.78769841269843,101.14087301587303,69.268938,90.364964
207.88690476190476,101.24007936507937,69.302018,90.291971
207.98611111111111,96.97420634920636,69.335098,93.430657
208.08531746031747,96.77579365079364,69.368177,93.576642
208.1845238095238,96.57738095238095,69.401257,93.722628
208.28373015873018,96.37896825396825,69.434337,93.868613
208.3829365079365,96.18055555555556,69.467416,94.014599
208.48214285714286,95.98214285714286,69.500496,94.160584
208.58134920634922,95.78373015873017,69.533576,94.306569
208.68055555555557,95.58531746031747,69.566656,94.452555
208.7797619047619,95.38690476190477,69.599735,94.598540
208.87896825396825,95.18849206349206,69.632815,94.744526
208.9781746031746,94.99007936507937,69.665895,94.890511
209.07738095238093,94.99007936507937,69.698975,94.890511
209.17658730158732,94.99007936507937,69.732054,94.890511
209.27579365079364,94.99007936507937,69.765134,94.890511
209.375,94.99007936507937,69.798214,94.890511
209.47420634920636,94.99007936507937,69.831293,94.890511
209.5734126984127,94.99007936507937,69.864373,94.890511
209.67261904761904,94.99007936507937,69.897453,94.890511
209.77182539682542,94.99007936507937,69.930533,94.890511
209.87103174603175,94.99007936507937,69.963612,94.890511
209.97023809523807,94.99007936507937,69.996692,94.890511
210.06944444444446,94.99007936507937,70.029772,94.890511
210.16865079365078,94.99007936507937,70.062851,94.890511
210.26785714285714,94.99007936507937,70.095931,94.890511
210.3670634920635,94.99007936507937,70.129011,94.890511
210.46626984126985,94.99007936507937,70.162091,94.890511
210.56547619047618,94.99007936507937,70.195170,94.890511
210.66468253968256,94.99007936507937,70.228250,94.890511
210.76388888888889,94.99007936507937,70.261330,94.890511
210.8630952380952,94.99007936507937,70.294410,94.890511
210.9623015873016,91.02182539682539,70.327489,97.810219
211.06150793650792,91.02182539682539,70.360569,97.810219
211.1607142857143,91.02182539682539,70.393649,97.810219
211.25992063492063,91.02182539682539,70.426728,97.810219
211.359126984127,91.02182539682539,70.459808,97.810219
211.45833333333334,91.02182539682539,70.492888,97.810219
211.5575396825397,91.02182539682539,70.525968,97.810219
211.65674603174602,91.02182539682539,70.559047,97.810219
211.7559523809524,91.02182539682539,70.592127,97.810219
211.85515873015873,91.02182539682539,70.625207,97.810219
211.95436507936506,91.02182539682539,70.658286,97.810219
212.05357142857144,91.02182539682539,70.691366,97.810219
212.15277777777777,91.02182539682539,70.724446,97.810219
212.25198412698413,91.02182539682539,70.757526,97.810219
212.35119047619048,91.02182539682539,70.790605,97.810219
212.45039682539684,91.02182539682539,70.823685,97.810219
212.54960317460316,91.02182539682539,70.856765,97.810219
212.64880952380955,91.02182539682539,70.889845,97.810219
212.74801587301587,91.02182539682539,70.922924,97.810219
212.8472222222222,91.02182539682539,70.956004,97.810219
212.94642857142858,91.02182539682539,70.989084,97.810219
213.0456349206349,91.02182539682539,71.022163,97.810219
213.14484126984127,91.02182539682539,71.055243,97.810219
213.24404761904762,91.02182539682539,71.088323,97.810219
213.34325396825398,91.02182539682539,71.121403,97.810219
213.4424603174603,91.02182539682539,71.154482,97.810219
213.54166666666669,91.02182539682539,71.187562,97.810219
213.640873015873,91.02182539682539,71.220642,97.810219
213.74007936507934,91.02182539682539,71.253721,97.810219
213.83928571428572,91.02182539682539,71.286801,97.810219
213.93849206349205,91.02182539682539,71.319881,97.810219
214.0376984126984,91.02182539682539,71.352961,97.810219
214.13690476190476,91.02182539682539,71.386040,97.810219
214.23611111111111,91.02182539682539,71.419120,97.810219
214.33531746031747,91.02182539682539,71.452200,97.810219
214.43452380952382,91.02182539682539,71.485280,97.810219
214.53373015873015,91.02182539682539,71.518359,97.810219
214.63293650793653,91.02182539682539,71.551439,97.810219
214.73214285714286,91.02182539682539,71.584519,97.810219
214.8313492063492,91.02182539682539,71.617598,97.810219
214.93055555555557,91.02182539682539,71.650678,97.810219
215.0297619047619,90.8234126984127,71.683758,97.956204
215.12896825396825,90.625,71.716838,98.102190
215.2281746031746,90.4265873015873,71.749917,98.248175
215.32738095238096,90.22817460317461,71.782997,98.394161
215.4265873015873,90.02976190476191,71.816077,98.540146
215.52579365079367,89.83134920634922,71.849156,98.686131
215.625,89.6329365079365,71.882236,98.832117
215.72420634920633,89.43452380952381,71.915316,98.978102
215.8234126984127,89.23611111111111,71.948396,99.124088
215.92261904761904,89.0376984126984,71.981475,99.270073
216.0218253968254,89.0376984126984,72.014555,99.270073
216.12103174603175,89.0376984126984,72.047635,99.270073
216.2202380952381,89.0376984126984,72.080715,99.270073
216.31944444444443,89.0376984126984,72.113794,99.270073
216.4186507936508,89.0376984126984,72.146874,99.270073
216.51785714285714,89.0376984126984,72.179954,99.270073
216.61706349206347,89.0376984126984,72.213033,99.270073
216.71626984126985,89.0376984126984,72.246113,99.270073
216.81547619047618,89.0376984126984,72.279193,99.270073
216.91468253968253,89.0376984126984,72.312273,99.270073
217.01388888888889,89.0376984126984,72.345352,99.270073
217.11309523809524,89.0376984126984,72.378432,99.270073
217.2123015873016,89.0376984126984,72.411512,99.270073
217.31150793650795,89.0376984126984,72.444591,99.270073
217.41071428571428,89.0376984126984,72.477671,99.270073
217.50992063492066,89.0376984126984,72.510751,99.270073
217.609126984127,89.0376984126984,72.543831,99.270073
217.70833333333331,89.0376984126984,72.576910,99.270073
217.8075396825397,89.0376984126984,72.609990,99.270073
217.90674603174602,89.0376984126984,72.643070,99.270073
218.00595238095238,88.04563492063492,72.676150,100.000000
218.10515873015873,88.04563492063492,72.709229,100.000000
218.2043650793651,88.04563492063492,72.742309,100.000000
218.30357142857142,88.04563492063492,72.775389,100.000000
218.4027777777778,88.04563492063492,72.808468,100.000000
218.50198412698413,88.04563492063492,72.841548,100.000000
218.60119047619045,88.04563492063492,72.874628,100.000000
218.70039682539684,88.04563492063492,72.907708,100.000000
218.79960317460316,88.04563492063492,72.940787,100.000000
218.89880952380952,88.04563492063492,72.973867,100.000000
218.99801587301587,88.04563492063492,73.006947,100.000000
219.09722222222223,90.02976190476191,73.040026,98.540146
219.19642857142856,90.02976190476191,73.073106,98.540146
219.29563492063494,90.02976190476191,73.106186,98.540146
219.39484126984127,90.02976190476191,73.139266,98.540146
219.4940476190476,90.02976190476191,73.172345,98.540146
219.59325396825398,90.02976190476191,73.205425,98.540146
219.6924603174603,90.02976190476191,73.238505,98.540146
219.79166666666666,90.02976190476191,73.271585,98.540146
219.890873015873,90.02976190476191,73.304664,98.540146
219.99007936507937,90.02976190476191,73.337744,98.540146
220.0892857142857,90.02976190476191,73.370824,98.540146
220.18849206349208,90.02976190476191,73.403903,98.540146
220.2876984126984,90.02976190476191,73.436983,98.540146
220.3869047619048,90.02976190476191,73.470063,98.540146
220.48611111111111,90.02976190476191,73.503143,98.540146
220.58531746031744,90.02976190476191,73.536222,98.540146
220.68452380952382,90.02976190476191,73.569302,98.540146
220.78373015873015,90.02976190476191,73.602382,98.540146
220.8829365079365,90.02976190476191,73.635461,98.540146
220.98214285714286,90.02976190476191,73.668541,98.540146
221.08134920634922,90.02976190476191,73.701621,98.540146
221.18055555555554,90.02976190476191,73.734701,98.540146
221.27976190476193,90.02976190476191,73.767780,98.540146
221.37896825396825,90.02976190476191,73.800860,98.540146
221.47817460317458,90.02976190476191,73.833940,98.540146
221.57738095238096,90.02976190476191,73.867020,98.540146
221.6765873015873,90.02976190476191,73.900099,98.540146
221.77579365079364,90.02976190476191,73.933179,98.540146
221.875,90.02976190476191,73.966259,98.540146
221.97420634920636,90.02976190476191,73.999338,98.540146
222.07341269841268,91.02182539682539,74.032418,97.810219
222.17261904761907,91.02182539682539,74.065498,97.810219
222.2718253968254,91.02182539682539,74.098578,97.810219
222.37103174603175,91.02182539682539,74.131657,97.810219
222.4702380952381,91.02182539682539,74.164737,97.810219
222.56944444444443,91.02182539682539,74.197817,97.810219
222.66865079365078,91.02182539682539,74.230896,97.810219
222.76785714285714,91.02182539682539,74.263976,97.810219
222.8670634920635,91.02182539682539,74.297056,97.810219
222.96626984126982,91.02182539682539,74.330136,97.810219
223.0654761904762,91.02182539682539,74.363215,97.810219
223.16468253968253,91.02182539682539,74.396295,97.810219
223.26388888888889,91.02182539682539,74.429375,97.810219
223.36309523809524,91.02182539682539,74.462455,97.810219
223.46230158730157,91.02182539682539,74.495534,97.810219
223.56150793650795,91.02182539682539,74.528614,97.810219
223.66071428571428,91.02182539682539,74.561694,97.810219
223.75992063492063,91.02182539682539,74.594773,97.810219
223.859126984127,91.02182539682539,74.627853,97.810219
223.95833333333334,91.02182539682539,74.660933,97.810219
224.05753968253967,91.02182539682539,74.694013,97.810219
224.15674603174605,91.02182539682539,74.727092,97.810219
224.25595238095238,91.02182539682539,74.760172,97.810219
224.35515873015873,91.02182539682539,74.793252,97.810219
224.4543650793651,91.02182539682539,74.826331,97.810219
224.55357142857142,91.02182539682539,74.859411,97.810219
224.65277777777777,91.02182539682539,74.892491,97.810219
224.75198412698413,91.02182539682539,74.925571,97.810219
224.85119047619048,91.02182539682539,74.958650,97.810219
224.9503968253968,91.02182539682539,74.991730,97.810219
225.0496031746032,91.02182539682539,75.024810,97.810219
225.14880952380952,91.02182539682539,75.057890,97.810219
225.24801587301587,91.02182539682539,75.090969,97.810219
225.34722222222223,91.02182539682539,75.124049,97.810219
225.44642857142858,91.02182539682539,75.157129,97.810219
225.5456349206349,91.02182539682539,75.190208,97.810219
225.64484126984127,91.02182539682539,75.223288,97.810219
225.74404761904762,91.02182539682539,75.256368,97.810219
225.84325396825395,91.02182539682539,75.289448,97.810219
225.94246031746033,91.02182539682539,75.322527,97.810219
226.04166666666666,91.02182539682539,75.355607,97.810219
226.140873015873,91.02182539682539,75.388687,97.810219
226.24007936507937,91.02182539682539,75.421766,97.810219
226.33928571428572,91.02182539682539,75.454846,97.810219
226.43849206349205,91.02182539682539,75.487926,97.810219
226.53769841269843,91.02182539682539,75.521006,97.810219
226.63690476190476,91.02182539682539,75.554085,97.810219
226.73611111111111,91.02182539682539,75.587165,97.810219
226.83531746031747,91.02182539682539,75.620245,97.810219
226.9345238095238,91.02182539682539,75.653325,97.810219
227.03373015873018,93.00595238095238,75.686404,96.350365
227.1329365079365,93.00595238095238,75.719484,96.350365
227.23214285714286,93.00595238095238,75.752564,96.350365
227.33134920634922,93.00595238095238,75.785643,96.350365
227.43055555555557,93.00595238095238,75.818723,96.350365
227.5297619047619,93.00595238095238,75.851803,96.350365
227.62896825396825,93.00595238095238,75.884883,96.350365
227.7281746031746,93.00595238095238,75.917962,96.350365
227.82738095238093,93.00595238095238,75.951042,96.350365
227.92658730158732,93.00595238095238,75.984122,96.350365
228.02579365079364,93.00595238095238,76.017201,96.350365
228.125,93.00595238095238,76.050281,96.350365
228.22420634920636,93.00595238095238,76.083361,96.350365
228.3234126984127,93.00595238095238,76.116441,96.350365
228.42261904761904,93.00595238095238,76.149520,96.350365
228.52182539682542,93.00595238095238,76.182600,96.350365
228.62103174603175,93.00595238095238,76.215680,96.350365
228.72023809523807,93.00595238095238,76.248760,96.350365
228.81944444444446,93.00595238095238,76.281839,96.350365
228.91865079365078,93.00595238095238,76.314919,96.350365
229.01785714285714,93.00595238095238,76.347999,96.350365
229.1170634920635,92.90674603174604,76.381078,96.423358
229.21626984126985,92.90674603174604,76.414158,96.423358
229.31547619047618,92.80753968253968,76.447238,96.496350
229.41468253968256,92.80753968253968,76.480318,96.496350
229.51388888888889,92.70833333333334,76.513397,96.569343
229.6130952380952,92.70833333333334,76.546477,96.569343
229.7123015873016,92.60912698412699,76.579557,96.642336
229.81150793650792,92.60912698412699,76.612636,96.642336
229.9107142857143,92.50992063492063,76.645716,96.715328
230.00992063492063,92.50992063492063,76.678796,96.715328
230.109126984127,92.41071428571429,76.711876,96.788321
230.20833333333334,92.41071428571429,76.744955,96.788321
230.3075396825397,92.31150793650794,76.778035,96.861314
230.40674603174602,92.31150793650794,76.811115,96.861314
230.5059523809524,92.2123015873016,76.844195,96.934307
230.60515873015873,92.2123015873016,76.877274,96.934307
230.70436507936506,92.11309523809523,76.910354,97.007299
230.80357142857144,92.11309523809523,76.943434,97.007299
230.90277777777777,92.01388888888889,76.976513,97.080292
231.00198412698413,92.01388888888889,77.009593,97.080292
231.10119047619048,92.01388888888889,77.042673,97.080292
231.20039682539684,92.01388888888889,77.075753,97.080292
231.29960317460316,92.01388888888889,77.108832,97.080292
231.39880952380955,92.11309523809523,77.141912,97.007299
231.49801587301587,92.11309523809523,77.174992,97.007299
231.5972222222222,92.11309523809523,77.208071,97.007299
231.69642857142858,92.11309523809523,77.241151,97.007299
231.7956349206349,92.11309523809523,77.274231,97.007299
231.89484126984127,92.2123015873016,77.307311,96.934307
231.99404761904762,92.2123015873016,77.340390,96.934307
232.09325396825398,92.2123015873016,77.373470,96.934307
232.1924603174603,92.2123015873016,77.406550,96.934307
232.29166666666669,92.2123015873016,77.439630,96.934307
232.390873015873,92.31150793650794,77.472709,96.861314
232.49007936507934,92.31150793650794,77.505789,96.861314
232.58928571428572,92.31150793650794,77.538869,96.861314
232.68849206349205,92.31150793650794,77.571948,96.861314
232.7876984126984,92.31150793650794,77.605028,96.861314
232.88690476190476,92.41071428571429,77.638108,96.788321
232.98611111111111,92.41071428571429,77.671188,96.788321
233.08531746031747,92.41071428571429,77.704267,96.788321
233.18452380952382,92.41071428571429,77.737347,96.788321
233.28373015873015,92.41071428571429,77.770427,96.788321
233.38293650793653,92.50992063492063,77.803506,96.715328
233.48214285714286,92.50992063492063,77.836586,96.715328
233.5813492063492,92.50992063492063,77.869666,96.715328
233.68055555555557,92.50992063492063,77.902746,96.715328
233.7797619047619,92.50992063492063,77.935825,96.715328
233.87896825396825,92.60912698412699,77.968905,96.642336
233.9781746031746,92.60912698412699,78.001985,96.642336
234.07738095238096,92.60912698412699,78.035065,96.642336
234.1765873015873,92.60912698412699,78.068144,96.642336
234.27579365079367,92.60912698412699,78.101224,96.642336
234.375,92.70833333333334,78.134304,96.569343
234.47420634920633,92.70833333333334,78.167383,96.569343
234.5734126984127,92.70833333333334,78.200463,96.569343
234.67261904761904,92.70833333333334,78.233543,96.569343
234.7718253968254,92.70833333333334,78.266623,96.569343
234.87103174603175,92.80753968253968,78.299702,96.496350
234.9702380952381,92.80753968253968,78.332782,96.496350
235.06944444444443,92.80753968253968,78.365862,96.496350
235.1686507936508,92.80753968253968,78.398941,96.496350
235.26785714285714,92.80753968253968,78.432021,96.496350
235.36706349206347,92.90674603174604,78.465101,96.423358
235.46626984126985,92.90674603174604,78.498181,96.423358
235.56547619047618,92.90674603174604,78.531260,96.423358
235.66468253968253,92.90674603174604,78.564340,96.423358
235.76388888888889,92.90674603174604,78.597420,96.423358
235.86309523809524,93.00595238095238,78.630500,96.350365
235.9623015873016,93.00595238095238,78.663579,96.350365
236.06150793650795,92.80753968253968,78.696659,96.496350
236.16071428571428,92.60912698412699,78.729739,96.642336
236.25992063492066,92.41071428571429,78.762818,96.788321
236.359126984127,92.2123015873016,78.795898,96.934307
236.45833333333331,92.01388888888889,78.828978,97.080292
236.5575396825397,91.81547619047619,78.862058,97.226277
236.65674603174602,91.6170634920635,78.895137,97.372263
236.75595238095238,91.41865079365078,78.928217,97.518248
236.85515873015873,91.22023809523809,78.961297,97.664234
236.9543650793651,91.02182539682539,78.994376,97.810219
237.05357142857142,91.02182539682539,79.027456,97.810219
237.1527777777778,91.02182539682539,79.060536,97.810219
237.25198412698413,91.02182539682539,79.093616,97.810219
237.35119047619045,91.02182539682539,79.126695,97.810219
237.45039682539684,91.02182539682539,79.159775,97.810219
237.54960317460316,91.02182539682539,79.192855,97.810219
237.64880952380952,91.02182539682539,79.225935,97.810219
237.74801587301587,91.02182539682539,79.259014,97.810219
237.84722222222223,91.02182539682539,79.292094,97.810219
237.94642857142856,91.02182539682539,79.325174,97.810219
238.04563492063494,91.02182539682539,79.358253,97.810219
238.14484126984127,91.02182539682539,79.391333,97.810219
238.2440476190476,91.02182539682539,79.424413,97.810219
238.34325396825398,91.02182539682539,79.457493,97.810219
238.4424603174603,91.02182539682539,79.490572,97.810219
238.54166666666666,91.02182539682539,79.523652,97.810219
238.640873015873,91.02182539682539,79.556732,97.810219
238.74007936507937,91.02182539682539,79.589811,97.810219
238.8392857142857,91.02182539682539,79.622891,97.810219
238.93849206349208,91.02182539682539,79.655971,97.810219
239.0376984126984,93.00595238095238,79.689051,96.350365
239.1369047619048,93.00595238095238,79.722130,96.350365
239.23611111111111,93.00595238095238,79.755210,96.350365
239.33531746031744,93.00595238095238,79.788290,96.350365
239.43452380952382,93.00595238095238,79.821370,96.350365
239.53373015873015,93.00595238095238,79.854449,96.350365
239.6329365079365,93.00595238095238,79.887529,96.350365
239.73214285714286,93.00595238095238,79.920609,96.350365
239.83134920634922,93.00595238095238,79.953688,96.350365
239.93055555555554,93.00595238095238,79.986768,96.350365
240.02976190476193,93.00595238095238,80.019848,96.350365
240.12896825396825,93.00595238095238,80.052928,96.350365
240.22817460317458,93.00595238095238,80.086007,96.350365
240.32738095238096,93.00595238095238,80.119087,96.350365
240.4265873015873,93.00595238095238,80.152167,96.350365
240.52579365079364,93.00595238095238,80.185246,96.350365
240.625,93.00595238095238,80.218326,96.350365
240.72420634920636,93.00595238095238,80.251406,96.350365
240.82341269841268,93.00595238095238,80.284486,96.350365
240.92261904761907,93.00595238095238,80.317565,96.350365
241.0218253968254,93.00595238095238,80.350645,96.350365
241.12103174603175,93.00595238095238,80.383725,96.350365
241.2202380952381,93.00595238095238,80.416804,96.350365
241.31944444444443,93.00595238095238,80.449884,96.350365
241.41865079365078,93.00595238095238,80.482964,96.350365
241.51785714285714,93.00595238095238,80.516044,96.350365
241.6170634920635,93.00595238095238,80.549123,96.350365
241.71626984126982,93.00595238095238,80.582203,96.350365
241.8154761904762,93.00595238095238,80.615283,96.350365
241.91468253968253,93.00595238095238,80.648363,96.350365
242.01388888888889,93.00595238095238,80.681442,96.350365
242.11309523809524,94.09722222222221,80.714522,95.547445
242.21230158730157,94.09722222222221,80.747602,95.547445
242.31150793650795,94.09722222222221,80.780681,95.547445
242.41071428571428,94.19642857142857,80.813761,95.474453
242.50992063492063,94.19642857142857,80.846841,95.474453
242.609126984127,94.29563492063492,80.879921,95.401460
242.70833333333334,94.29563492063492,80.913000,95.401460
242.80753968253967,94.39484126984127,80.946080,95.328467
242.90674603174605,94.39484126984127,80.979160,95.328467
243.00595238095238,94.49404761904762,81.012239,95.255474
243.10515873015873,94.49404761904762,81.045319,95.255474
243.2043650793651,94.59325396825396,81.078399,95.182482
243.30357142857142,94.59325396825396,81.111479,95.182482
243.40277777777777,94.69246031746032,81.144558,95.109489
243.50198412698413,94.69246031746032,81.177638,95.109489
243.60119047619048,94.79166666666666,81.210718,95.036496
243.7003968253968,94.79166666666666,81.243798,95.036496
243.7996031746032,94.89087301587301,81.276877,94.963504
243.89880952380952,94.89087301587301,81.309957,94.963504
243.99801587301587,94.99007936507937,81.343037,94.890511
244.09722222222223,97.96626984126983,81.376116,92.700730
244.19642857142858,97.96626984126983,81.409196,92.700730
244.2956349206349,97.96626984126983,81.442276,92.700730
244.39484126984127,97.96626984126983,81.475356,92.700730
244.49404761904762,97.96626984126983,81.508435,92.700730
244.59325396825395,97.96626984126983,81.541515,92.700730
244.69246031746033,97.96626984126983,81.574595,92.700730
244.79166666666666,97.96626984126983,81.607674,92.700730
244.890873015873,97.96626984126983,81.640754,92.700730
244.99007936507937,97.96626984126983,81.673834,92.700730
245.08928571428572,97.96626984126983,81.706914,92.700730
245.18849206349205,97.96626984126983,81.739993,92.700730
245.28769841269843,97.96626984126983,81.773073,92.700730
245.38690476190476,97.96626984126983,81.806153,92.700730
245.48611111111111,97.96626984126983,81.839233,92.700730
245.58531746031747,97.96626984126983,81.872312,92.700730
245.6845238095238,97.96626984126983,81.905392,92.700730
245.78373015873018,97.96626984126983,81.938472,92.700730
245.8829365079365,97.96626984126983,81.971551,92.700730
245.98214285714286,97.96626984126983,82.004631,92.700730
246.08134920634922,97.96626984126983,82.037711,92.700730
246.18055555555557,97.96626984126983,82.070791,92.700730
246.2797619047619,97.96626984126983,82.103870,92.700730
246.37896825396825,97.96626984126983,82.136950,92.700730
246.4781746031746,97.96626984126983,82.170030,92.700730
246.57738095238093,97.96626984126983,82.203109,92.700730
246.67658730158732,97.96626984126983,82.236189,92.700730
246.77579365079364,97.96626984126983,82.269269,92.700730
246.875,97.96626984126983,82.302349,92.700730
246.97420634920636,97.96626984126983,82.335428,92.700730
247.0734126984127,97.8670634920635,82.368508,92.773723
247.17261904761904,97.76785714285714,82.401588,92.846715
247.27182539682542,97.66865079365078,82.434668,92.919708
247.37103174603175,97.56944444444444,82.467747,92.992701
247.47023809523807,97.47023809523809,82.500827,93.065693
247.56944444444446,97.37103174603175,82.533907,93.138686
247.66865079365078,97.27182539682539,82.566986,93.211679
247.76785714285714,97.17261904761905,82.600066,93.284672
247.8670634920635,97.0734126984127,82.633146,93.357664
247.96626984126985,96.97420634920636,82.666226,93.430657
248.06547619047618,96.875,82.699305,93.503650
248.16468253968256,96.77579365079364,82.732385,93.576642
248.26388888888889,96.6765873015873,82.765465,93.649635
248.3630952380952,96.57738095238095,82.798544,93.722628
248.4623015873016,96.47817460317461,82.831624,93.795620
248.56150793650792,96.37896825396825,82.864704,93.868613
248.6607142857143,96.27976190476191,82.897784,93.941606
248.75992063492063,96.18055555555556,82.930863,94.014599
248.859126984127,96.08134920634922,82.963943,94.087591
248.95833333333334,95.98214285714286,82.997023,94.160584
249.0575396825397,95.98214285714286,83.030103,94.160584
249.15674603174602,95.98214285714286,83.063182,94.160584
249.2559523809524,95.98214285714286,83.096262,94.160584
249.35515873015873,95.98214285714286,83.129342,94.160584
249.45436507936506,95.98214285714286,83.162421,94.160584
249.55357142857144,95.98214285714286,83.195501,94.160584
249.65277777777777,95.98214285714286,83.228581,94.160584
249.75198412698413,95.98214285714286,83.261661,94.160584
249.85119047619048,95.98214285714286,83.294740,94.160584
249.95039682539684,95.98214285714286,83.327820,94.160584
250.04960317460316,95.98214285714286,83.360900,94.160584
250.14880952380955,95.98214285714286,83.393979,94.160584
250.24801587301587,95.98214285714286,83.427059,94.160584
250.3472222222222,95.98214285714286,83.460139,94.160584
250.44642857142858,95.98214285714286,83.493219,94.160584
250.5456349206349,95.98214285714286,83.526298,94.160584
250.64484126984127,95.98214285714286,83.559378,94.160584
250.74404761904762,95.98214285714286,83.592458,94.160584
250.84325396825398,95.98214285714286,83.625538,94.160584
250.9424603174603,95.98214285714286,83.658617,94.160584
251.04166666666669,95.98214285714286,83.691697,94.160584
251.140873015873,95.98214285714286,83.724777,94.160584
251.24007936507934,95.98214285714286,83.757856,94.160584
251.33928571428572,95.98214285714286,83.790936,94.160584
251.43849206349205,95.98214285714286,83.824016,94.160584
251.5376984126984,95.98214285714286,83.857096,94.160584
251.63690476190476,95.98214285714286,83.890175,94.160584
251.73611111111111,95.98214285714286,83.923255,94.160584
251.83531746031747,95.98214285714286,83.956335,94.160584
251.93452380952382,95.98214285714286,83.989414,94.160584
252.03373015873015,91.02182539682539,84.022494,97.810219
252.13293650793653,91.02182539682539,84.055574,97.810219
252.23214285714286,91.02182539682539,84.088654,97.810219
252.3313492063492,91.02182539682539,84.121733,97.810219
252.43055555555557,91.02182539682539,84.154813,97.810219
252.5297619047619,91.02182539682539,84.187893,97.810219
252.62896825396825,91.02182539682539,84.220973,97.810219
252.7281746031746,91.02182539682539,84.254052,97.810219
252.82738095238096,91.02182539682539,84.287132,97.810219
252.9265873015873,91.02182539682539,84.320212,97.810219
253.02579365079367,91.02182539682539,84.353291,97.810219
253.125,91.02182539682539,84.386371,97.810219
253.22420634920633,91.02182539682539,84.419451,97.810219
253.3234126984127,91.02182539682539,84.452531,97.810219
253.42261904761904,91.02182539682539,84.485610,97.810219
253.5218253968254,91.02182539682539,84.518690,97.810219
253.62103174603175,91.02182539682539,84.551770,97.810219
253.7202380952381,91.02182539682539,84.584849,97.810219
253.81944444444443,91.02182539682539,84.617929,97.810219
253.9186507936508,91.02182539682539,84.651009,97.810219
254.01785714285714,91.02182539682539,84.684089,97.810219
254.11706349206347,91.02182539682539,84.717168,97.810219
254.21626984126985,91.02182539682539,84.750248,97.810219
254.31547619047618,91.02182539682539,84.783328,97.810219
254.41468253968253,91.02182539682539,84.816408,97.810219
254.51388888888889,91.02182539682539,84.849487,97.810219
254.61309523809524,91.02182539682539,84.882567,97.810219
254.7123015873016,91.02182539682539,84.915647,97.810219
254.81150793650795,91.02182539682539,84.948726,97.810219
254.91071428571428,91.02182539682539,84.981806,97.810219
255.00992063492066,91.02182539682539,85.014886,97.810219
255.109126984127,102.62896825396825,85.047966,89.270073
255.20833333333331,102.62896825396825,85.081045,89.270073
255.3075396825397,102.52976190476191,85.114125,89.343066
255.40674603174602,102.52976190476191,85.147205,89.343066
255.50595238095238,102.52976190476191,85.180284,89.343066
255.60515873015873,102.43055555555556,85.213364,89.416058
255.7043650793651,102.43055555555556,85.246444,89.416058
255.80357142857142,102.43055555555556,85.279524,89.416058
255.9027777777778,102.33134920634922,85.312603,89.489051
256.00198412698415,102.33134920634922,85.345683,89.489051
256.1011904761905,102.33134920634922,85.378763,89.489051
256.20039682539687,102.23214285714286,85.411843,89.562044
256.2996031746032,102.23214285714286,85.444922,89.562044
256.3988095238095,102.23214285714286,85.478002,89.562044
256.4980158730159,102.1329365079365,85.511082,89.635036
256.59722222222223,102.1329365079365,85.544161,89.635036
256.69642857142856,102.1329365079365,85.577241,89.635036
256.79563492063494,102.03373015873017,85.610321,89.708029
256.89484126984127,102.03373015873017,85.643401,89.708029
256.9940476190476,102.03373015873017,85.676480,89.708029
257.093253968254,105.00992063492063,85.709560,87.518248
257.1924603174603,105.00992063492063,85.742640,87.518248
257.29166666666663,105.00992063492063,85.775719,87.518248
257.390873015873,105.00992063492063,85.808799,87.518248
257.49007936507934,105.00992063492063,85.841879,87.518248
257.5892857142857,105.00992063492063,85.874959,87.518248
257.68849206349205,105.00992063492063,85.908038,87.518248
257.78769841269843,105.00992063492063,85.941118,87.518248
257.88690476190476,105.00992063492063,85.974198,87.518248
257.98611111111114,96.97420634920636,86.007278,93.430657
258.08531746031747,96.97420634920636,86.040357,93.430657
258.18452380952385,96.97420634920636,86.073437,93.430657
258.2837301587302,96.97420634920636,86.106517,93.430657
258.3829365079365,96.97420634920636,86.139596,93.430657
258.4821428571429,96.97420634920636,86.172676,93.430657
258.5813492063492,96.97420634920636,86.205756,93.430657
258.68055555555554,96.97420634920636,86.238836,93.430657
258.7797619047619,96.97420634920636,86.271915,93.430657
258.87896825396825,96.97420634920636,86.304995,93.430657
258.9781746031746,94.99007936507937,86.338075,94.890511
259.07738095238096,94.99007936507937,86.371154,94.890511
259.1765873015873,94.99007936507937,86.404234,94.890511
259.2757936507936,94.99007936507937,86.437314,94.890511
259.375,94.99007936507937,86.470394,94.890511
259.4742063492063,94.99007936507937,86.503473,94.890511
259.5734126984127,94.99007936507937,86.536553,94.890511
259.67261904761904,94.99007936507937,86.569633,94.890511
259.7718253968254,94.99007936507937,86.602713,94.890511
259.87103174603175,94.99007936507937,86.635792,94.890511
259.97023809523813,94.99007936507937,86.668872,94.890511
260.06944444444446,94.99007936507937,86.701952,94.890511
260.1686507936508,94.99007936507937,86.735031,94.890511
260.26785714285717,94.99007936507937,86.768111,94.890511
260.3670634920635,94.99007936507937,86.801191,94.890511
260.4662698412698,94.99007936507937,86.834271,94.890511
260.5654761904762,94.99007936507937,86.867350,94.890511
260.66468253968253,94.99007936507937,86.900430,94.890511
260.76388888888886,94.99007936507937,86.933510,94.890511
260.86309523809524,94.99007936507937,86.966589,94.890511
260.96230158730157,94.99007936507937,86.999669,94.890511
261.06150793650795,103.02579365079364,87.032749,88.978102
261.1607142857143,103.02579365079364,87.065829,88.978102
261.2599206349206,103.02579365079364,87.098908,88.978102
261.359126984127,103.02579365079364,87.131988,88.978102
261.4583333333333,103.02579365079364,87.165068,88.978102
261.5575396825397,103.02579365079364,87.198148,88.978102
261.656746031746,103.02579365079364,87.231227,88.978102
261.7559523809524,103.02579365079364,87.264307,88.978102
261.85515873015873,103.02579365079364,87.297387,88.978102
261.9543650793651,103.02579365079364,87.330466,88.978102
262.05357142857144,116.02182539682539,87.363546,79.416058
262.15277777777777,116.02182539682539,87.396626,79.416058
262.25198412698415,116.02182539682539,87.429706,79.416058
262.3511904761905,116.02182539682539,87.462785,79.416058
262.4503968253968,116.02182539682539,87.495865,79.416058
262.5496031746032,116.02182539682539,87.528945,79.416058
262.6488095238095,116.02182539682539,87.562024,79.416058
262.74801587301585,116.02182539682539,87.595104,79.416058
262.84722222222223,116.02182539682539,87.628184,79.416058
262.94642857142856,116.02182539682539,87.661264,79.416058
263.0456349206349,115.8234126984127,87.694343,79.562044
263.14484126984127,115.625,87.727423,79.708029
263.2440476190476,115.4265873015873,87.760503,79.854015
263.343253968254,115.22817460317461,87.793583,80.000000
263.4424603174603,115.02976190476191,87.826662,80.145985
263.5416666666667,114.83134920634922,87.859742,80.291971
263.640873015873,114.6329365079365,87.892822,80.437956
263.7400793650794,114.43452380952381,87.925901,80.583942
263.8392857142857,114.23611111111111,87.958981,80.729927
263.93849206349205,114.03769841269842,87.992061,80.875912
264.03769841269843,113.83928571428572,88.025141,81.021898
264.13690476190476,113.64087301587303,88.058220,81.167883
264.23611111111114,113.44246031746033,88.091300,81.313869
264.33531746031747,113.24404761904762,88.124380,81.459854
264.4345238095238,113.04563492063492,88.157459,81.605839
264.5337301587302,112.84722222222223,88.190539,81.751825
264.6329365079365,112.64880952380953,88.223619,81.897810
264.73214285714283,112.45039682539681,88.256699,82.043796
264.8313492063492,112.25198412698411,88.289778,82.189781
264.93055555555554,112.05357142857142,88.322858,82.335766
265.02976190476187,107.98611111111111,88.355938,85.328467
265.12896825396825,107.98611111111111,88.389018,85.328467
265.2281746031746,107.88690476190477,88.422097,85.401460
265.32738095238096,107.88690476190477,88.455177,85.401460
265.4265873015873,107.88690476190477,88.488257,85.401460
265.5257936507937,107.78769841269842,88.521336,85.474453
265.625,107.78769841269842,88.554416,85.474453
265.7242063492064,107.78769841269842,88.587496,85.474453
265.8234126984127,107.68849206349206,88.620576,85.547445
265.92261904761904,107.68849206349206,88.653655,85.547445
266.0218253968254,107.68849206349206,88.686735,85.547445
266.12103174603175,107.58928571428572,88.719815,85.620438
266.2202380952381,107.58928571428572,88.752894,85.620438
266.31944444444446,107.58928571428572,88.785974,85.620438
266.4186507936508,107.49007936507937,88.819054,85.693431
266.5178571428571,107.49007936507937,88.852134,85.693431
266.6170634920635,107.49007936507937,88.885213,85.693431
266.7162698412698,107.39087301587303,88.918293,85.766423
266.81547619047615,107.39087301587303,88.951373,85.766423
266.91468253968253,107.39087301587303,88.984453,85.766423
267.01388888888886,107.29166666666667,89.017532,85.839416
267.11309523809524,107.29166666666667,89.050612,85.839416
267.21230158730157,107.29166666666667,89.083692,85.839416
267.31150793650795,107.19246031746033,89.116771,85.912409
267.4107142857143,107.19246031746033,89.149851,85.912409
267.50992063492066,107.19246031746033,89.182931,85.912409
267.609126984127,107.09325396825398,89.216011,85.985401
267.70833333333337,107.09325396825398,89.249090,85.985401
267.8075396825397,107.09325396825398,89.282170,85.985401
267.906746031746,106.99404761904762,89.315250,86.058394
268.0059523809524,102.9265873015873,89.348329,89.051095
268.10515873015873,102.72817460317461,89.381409,89.197080
268.20436507936506,102.52976190476191,89.414489,89.343066
268.30357142857144,102.33134920634922,89.447569,89.489051
268.40277777777777,102.1329365079365,89.480648,89.635036
268.5019841269841,101.93452380952381,89.513728,89.781022
268.6011904761905,101.73611111111111,89.546808,89.927007
268.7003968253968,101.53769841269842,89.579888,90.072993
268.79960317460313,101.33928571428572,89.612967,90.218978
268.8988095238095,101.14087301587303,89.646047,90.364964
268.99801587301585,100.94246031746033,89.679127,90.510949
269.09722222222223,100.74404761904762,89.712206,90.656934
269.19642857142856,100.54563492063492,89.745286,90.802920
269.29563492063494,100.34722222222223,89.778366,90.948905
269.39484126984127,100.14880952380953,89.811446,91.094891
269.49404761904765,99.95039682539682,89.844525,91.240876
269.593253968254,99.75198412698413,89.877605,91.386861
269.6924603174603,99.55357142857143,89.910685,91.532847
269.7916666666667,99.35515873015873,89.943764,91.678832
269.890873015873,99.15674603174604,89.976844,91.824818
269.99007936507934,99.05753968253968,90.009924,91.897810
270.0892857142857,99.05753968253968,90.043004,91.897810
270.18849206349205,99.15674603174604,90.076083,91.824818
270.2876984126984,99.25595238095238,90.109163,91.751825
270.38690476190476,99.35515873015873,90.142243,91.678832
270.4861111111111,99.45436507936508,90.175323,91.605839
270.58531746031747,99.55357142857143,90.208402,91.532847
270.6845238095238,99.65277777777779,90.241482,91.459854
270.7837301587302,99.75198412698413,90.274562,91.386861
270.8829365079365,99.85119047619048,90.307641,91.313869
270.98214285714283,99.95039682539682,90.340721,91.240876
271.0813492063492,99.95039682539682,90.373801,91.240876
271.18055555555554,99.85119047619048,90.406881,91.313869
271.2797619047619,99.75198412698413,90.439960,91.386861
271.37896825396825,99.75198412698413,90.473040,91.386861
271.47817460317464,99.65277777777779,90.506120,91.459854
271.57738095238096,99.55357142857143,90.539199,91.532847
271.6765873015873,99.55357142857143,90.572279,91.532847
271.7757936507937,99.45436507936508,90.605359,91.605839
271.875,99.35515873015873,90.638439,91.678832
271.9742063492063,99.35515873015873,90.671518,91.678832
272.0734126984127,99.25595238095238,90.704598,91.751825
272.17261904761904,99.15674603174604,90.737678,91.824818
272.27182539682536,99.15674603174604,90.770758,91.824818
272.37103174603175,99.05753968253968,90.803837,91.897810
272.4702380952381,98.95833333333334,90.836917,91.970803
272.56944444444446,98.95833333333334,90.869997,91.970803
272.6686507936508,98.85912698412699,90.903076,92.043796
272.76785714285717,98.75992063492063,90.936156,92.116788
272.8670634920635,98.75992063492063,90.969236,92.116788
272.9662698412698,98.66071428571429,91.002316,92.189781
273.0654761904762,98.56150793650794,91.035395,92.262774
273.16468253968253,98.56150793650794,91.068475,92.262774
273.2638888888889,98.4623015873016,91.101555,92.335766
273.36309523809524,98.36309523809523,91.134634,92.408759
273.4623015873016,98.36309523809523,91.167714,92.408759
273.56150793650795,98.26388888888889,91.200794,92.481752
273.6607142857143,98.16468253968253,91.233874,92.554745
273.75992063492066,98.16468253968253,91.266953,92.554745
273.859126984127,98.06547619047619,91.300033,92.627737
273.9583333333333,97.96626984126983,91.333113,92.700730
274.0575396825397,101.04166666666667,91.366193,90.437956
274.156746031746,101.04166666666667,91.399272,90.437956
274.25595238095235,101.04166666666667,91.432352,90.437956
274.35515873015873,101.04166666666667,91.465432,90.437956
274.45436507936506,101.04166666666667,91.498511,90.437956
274.55357142857144,101.04166666666667,91.531591,90.437956
274.65277777777777,101.04166666666667,91.564671,90.437956
274.75198412698415,101.04166666666667,91.597751,90.437956
274.8511904761905,101.04166666666667,91.630830,90.437956
274.95039682539687,101.04166666666667,91.663910,90.437956
275.0496031746032,101.04166666666667,91.696990,90.437956
275.1488095238095,101.04166666666667,91.730069,90.437956
275.2480158730159,101.04166666666667,91.763149,90.437956
275.34722222222223,101.04166666666667,91.796229,90.437956
275.44642857142856,101.04166666666667,91.829309,90.437956
275.54563492063494,101.04166666666667,91.862388,90.437956
275.64484126984127,101.04166666666667,91.895468,90.437956
275.7440476190476,101.04166666666667,91.928548,90.437956
275.843253968254,101.04166666666667,91.961628,90.437956
275.9424603174603,101.04166666666667,91.994707,90.437956
276.04166666666663,101.04166666666667,92.027787,90.437956
276.140873015873,106.00198412698411,92.060867,86.788321
276.24007936507934,106.00198412698411,92.093946,86.788321
276.3392857142857,106.00198412698411,92.127026,86.788321
276.43849206349205,106.00198412698411,92.160106,86.788321
276.53769841269843,106.00198412698411,92.193186,86.788321
276.63690476190476,106.00198412698411,92.226265,86.788321
276.73611111111114,106.00198412698411,92.259345,86.788321
276.83531746031747,106.00198412698411,92.292425,86.788321
276.93452380952385,106.00198412698411,92.325504,86.788321
277.0337301587302,97.66865079365078,92.358584,92.919708
277.1329365079365,97.27182539682539,92.391664,93.211679
277.2321428571429,96.875,92.424744,93.503650
277.3313492063492,96.47817460317461,92.457823,93.795620
277.43055555555554,96.08134920634922,92.490903,94.087591
277.5297619047619,95.68452380952381,92.523983,94.379562
277.62896825396825,95.2876984126984,92.557063,94.671533
277.7281746031746,94.89087301587301,92.590142,94.963504
277.82738095238096,94.49404761904762,92.623222,95.255474
277.9265873015873,94.09722222222221,92.656302,95.547445
278.0257936507936,93.99801587301587,92.689381,95.620438
278.125,94.09722222222221,92.722461,95.547445
278.2242063492063,94.19642857142857,92.755541,95.474453
278.3234126984127,94.29563492063492,92.788621,95.401460
278.42261904761904,94.39484126984127,92.821700,95.328467
278.5218253968254,94.49404761904762,92.854780,95.255474
278.62103174603175,94.59325396825396,92.887860,95.182482
278.72023809523813,94.69246031746032,92.920939,95.109489
278.81944444444446,94.79166666666666,92.954019,95.036496
278.9186507936508,94.89087301587301,92.987099,94.963504
279.01785714285717,94.99007936507937,93.020179,94.890511
279.1170634920635,95.08928571428571,93.053258,94.817518
279.2162698412698,95.18849206349206,93.086338,94.744526
279.3154761904762,95.2876984126984,93.119418,94.671533
279.41468253968253,95.38690476190477,93.152498,94.598540
279.51388888888886,95.48611111111111,93.185577,94.525547
279.61309523809524,95.58531746031747,93.218657,94.452555
279.71230158730157,95.68452380952381,93.251737,94.379562
279.81150793650795,95.78373015873017,93.284816,94.306569
279.9107142857143,95.8829365079365,93.317896,94.233577
280.0099206349206,95.98214285714286,93.350976,94.160584
280.109126984127,97.96626984126983,93.384056,92.700730
280.2083333333333,97.96626984126983,93.417135,92.700730
280.3075396825397,97.96626984126983,93.450215,92.700730
280.406746031746,97.96626984126983,93.483295,92.700730
280.5059523809524,97.96626984126983,93.516374,92.700730
280.60515873015873,97.96626984126983,93.549454,92.700730
280.7043650793651,97.96626984126983,93.582534,92.700730
280.80357142857144,97.96626984126983,93.615614,92.700730
280.90277777777777,97.96626984126983,93.648693,92.700730
281.00198412698415,97.96626984126983,93.681773,92.700730
281.1011904761905,103.52182539682539,93.714853,88.613139
281.2003968253968,103.62103174603175,93.747933,88.540146
281.2996031746032,103.62103174603175,93.781012,88.540146
281.3988095238095,103.72023809523809,93.814092,88.467153
281.49801587301585,103.72023809523809,93.847172,88.467153
281.59722222222223,103.81944444444444,93.880251,88.394161
281.69642857142856,103.81944444444444,93.913331,88.394161
281.7956349206349,103.91865079365078,93.946411,88.321168
281.89484126984127,103.91865079365078,93.979491,88.321168
281.9940476190476,104.01785714285714,94.012570,88.248175
282.093253968254,106.89484126984128,94.045650,86.131387
282.1924603174603,106.79563492063492,94.078730,86.204380
282.2916666666667,106.79563492063492,94.111809,86.204380
282.390873015873,106.69642857142858,94.144889,86.277372
282.4900793650794,106.59722222222223,94.177969,86.350365
282.5892857142857,106.59722222222223,94.211049,86.350365
282.68849206349205,106.49801587301589,94.244128,86.423358
282.78769841269843,106.39880952380953,94.277208,86.496350
282.88690476190476,106.39880952380953,94.310288,86.496350
282.98611111111114,106.29960317460319,94.343368,86.569343
283.08531746031747,106.29960317460319,94.376447,86.569343
283.1845238095238,106.20039682539681,94.409527,86.642336
283.2837301587302,106.10119047619047,94.442607,86.715328
283.3829365079365,106.10119047619047,94.475686,86.715328
283.48214285714283,106.00198412698411,94.508766,86.788321
283.5813492063492,105.90277777777777,94.541846,86.861314
283.68055555555554,105.90277777777777,94.574926,86.861314
283.77976190476187,105.80357142857142,94.608005,86.934307
283.87896825396825,105.70436507936508,94.641085,87.007299
283.9781746031746,105.70436507936508,94.674165,87.007299
284.07738095238096,105.60515873015872,94.707244,87.080292
284.1765873015873,105.50595238095238,94.740324,87.153285
284.2757936507937,105.50595238095238,94.773404,87.153285
284.375,105.40674603174602,94.806484,87.226277
284.4742063492064,105.30753968253967,94.839563,87.299270
284.5734126984127,105.30753968253967,94.872643,87.299270
284.67261904761904,105.20833333333333,94.905723,87.372263
284.7718253968254,105.10912698412697,94.938803,87.445255
284.87103174603175,105.10912698412697,94.971882,87.445255
284.9702380952381,104.01785714285714,95.004962,88.248175
285.06944444444446,104.01785714285714,95.038042,88.248175
285.1686507936508,104.01785714285714,95.071121,88.248175
285.2678571428571,104.01785714285714,95.104201,88.248175
285.3670634920635,104.01785714285714,95.137281,88.248175
285.4662698412698,104.01785714285714,95.170361,88.248175
285.56547619047615,104.01785714285714,95.203440,88.248175
285.66468253968253,104.01785714285714,95.236520,88.248175
285.76388888888886,104.01785714285714,95.269600,88.248175
285.86309523809524,104.01785714285714,95.302679,88.248175
285.96230158730157,104.01785714285714,95.335759,88.248175
286.06150793650795,104.01785714285714,95.368839,88.248175
286.1607142857143,104.01785714285714,95.401919,88.248175
286.25992063492066,104.01785714285714,95.434998,88.248175
286.359126984127,104.01785714285714,95.468078,88.248175
286.45833333333337,104.01785714285714,95.501158,88.248175
286.5575396825397,104.01785714285714,95.534238,88.248175
286.656746031746,104.01785714285714,95.567317,88.248175
286.7559523809524,104.01785714285714,95.600397,88.248175
286.85515873015873,104.01785714285714,95.633477,88.248175
286.95436507936506,104.01785714285714,95.666556,88.248175
287.05357142857144,162.05357142857142,95.699636,45.547445
287.15277777777777,162.05357142857142,95.732716,45.547445
287.2519841269841,162.05357142857142,95.765796,45.547445
287.3511904761905,162.05357142857142,95.798875,45.547445
287.4503968253968,162.05357142857142,95.831955,45.547445
287.54960317460313,162.05357142857142,95.865035,45.547445
287.6488095238095,162.05357142857142,95.898114,45.547445
287.74801587301585,162.05357142857142,95.931194,45.547445
287.84722222222223,162.05357142857142,95.964274,45.547445
287.94642857142856,162.05357142857142,95.997354,45.547445
288.04563492063494,162.05357142857142,96.030433,45.547445
288.14484126984127,163.83928571428572,96.063513,44.233577
288.24404761904765,163.74007936507937,96.096593,44.306569
288.343253968254,163.640873015873,96.129673,44.379562
288.4424603174603,163.54166666666669,96.162752,44.452555
288.5416666666667,163.44246031746033,96.195832,44.525547
288.640873015873,163.34325396825398,96.228912,44.598540
288.74007936507934,163.24404761904762,96.261991,44.671533
288.8392857142857,163.14484126984127,96.295071,44.744526
288.93849206349205,163.04563492063494,96.328151,44.817518
289.0376984126984,162.94642857142858,96.361231,44.890511
289.13690476190476,162.84722222222223,96.394310,44.963504
289.2361111111111,162.74801587301587,96.427390,45.036496
289.33531746031747,162.64880952380955,96.460470,45.109489
289.4345238095238,162.5496031746032,96.493549,45.182482
289.5337301587302,162.4503968253968,96.526629,45.255474
289.6329365079365,162.35119047619045,96.559709,45.328467
289.73214285714283,162.25198412698413,96.592789,45.401460
289.8313492063492,162.15277777777777,96.625868,45.474453
289.93055555555554,162.05357142857142,96.658948,45.547445
290.0297619047619,157.98611111111111,96.692028,48.540146
290.12896825396825,158.08531746031747,96.725108,48.467153
290.22817460317464,158.08531746031747,96.758187,48.467153
290.32738095238096,158.18452380952382,96.791267,48.394161
290.4265873015873,158.18452380952382,96.824347,48.394161
290.5257936507937,158.28373015873015,96.857426,48.321168
290.625,158.28373015873015,96.890506,48.321168
290.7242063492063,158.3829365079365,96.923586,48.248175
290.8234126984127,158.3829365079365,96.956666,48.248175
290.92261904761904,158.48214285714286,96.989745,48.175182
291.02182539682536,158.48214285714286,97.022825,48.175182
291.12103174603175,158.58134920634922,97.055905,48.102190
291.2202380952381,158.58134920634922,97.088984,48.102190
291.31944444444446,158.68055555555557,97.122064,48.029197
291.4186507936508,158.68055555555557,97.155144,48.029197
291.51785714285717,158.7797619047619,97.188224,47.956204
291.6170634920635,158.7797619047619,97.221303,47.956204
291.7162698412698,158.87896825396825,97.254383,47.883212
291.8154761904762,158.87896825396825,97.287463,47.883212
291.91468253968253,158.9781746031746,97.320543,47.810219
292.0138888888889,138.04563492063494,97.353622,63.211679
292.11309523809524,138.04563492063494,97.386702,63.211679
292.2123015873016,138.14484126984127,97.419782,63.138686
292.31150793650795,138.24404761904762,97.452861,63.065693
292.4107142857143,138.24404761904762,97.485941,63.065693
292.50992063492066,138.34325396825398,97.519021,62.992701
292.609126984127,138.44246031746033,97.552101,62.919708
292.7083333333333,138.54166666666669,97.585180,62.846715
292.8075396825397,138.54166666666669,97.618260,62.846715
292.906746031746,138.640873015873,97.651340,62.773723
293.00595238095235,138.74007936507937,97.684419,62.700730
293.10515873015873,138.83928571428572,97.717499,62.627737
293.20436507936506,138.83928571428572,97.750579,62.627737
293.30357142857144,138.93849206349208,97.783659,62.554745
293.40277777777777,139.03769841269843,97.816738,62.481752
293.50198412698415,139.13690476190476,97.849818,62.408759
293.6011904761905,139.13690476190476,97.882898,62.408759
293.70039682539687,139.23611111111111,97.915978,62.335766
293.7996031746032,139.33531746031747,97.949057,62.262774
293.8988095238095,139.43452380952382,97.982137,62.189781
293.9980158730159,139.43452380952382,98.015217,62.189781
294.09722222222223,139.53373015873015,98.048296,62.116788
294.19642857142856,139.6329365079365,98.081376,62.043796
294.29563492063494,139.73214285714286,98.114456,61.970803
294.39484126984127,139.73214285714286,98.147536,61.970803
294.4940476190476,139.83134920634922,98.180615,61.897810
294.593253968254,139.93055555555557,98.213695,61.824818
294.6924603174603,140.0297619047619,98.246775,61.751825
294.79166666666663,140.0297619047619,98.279854,61.751825
294.890873015873,140.12896825396825,98.312934,61.678832
294.99007936507934,140.2281746031746,98.346014,61.605839
295.0892857142857,140.32738095238096,98.379094,61.532847
295.18849206349205,140.32738095238096,98.412173,61.532847
295.28769841269843,140.4265873015873,98.445253,61.459854
295.38690476190476,140.52579365079364,98.478333,61.386861
295.48611111111114,140.625,98.511413,61.313869
295.58531746031747,140.625,98.544492,61.313869
295.68452380952385,140.72420634920636,98.577572,61.240876
295.7837301587302,140.8234126984127,98.610652,61.167883
295.8829365079365,140.92261904761904,98.643731,61.094891
295.9821428571429,135.96230158730157,98.676811,64.744526
296.0813492063492,135.96230158730157,98.709891,64.744526
296.18055555555554,135.86309523809524,98.742971,64.817518
296.2797619047619,135.86309523809524,98.776050,64.817518
296.37896825396825,135.76388888888889,98.809130,64.890511
296.4781746031746,135.76388888888889,98.842210,64.890511
296.57738095238096,135.66468253968253,98.875289,64.963504
296.6765873015873,135.66468253968253,98.908369,64.963504
296.7757936507936,135.56547619047618,98.941449,65.036496
296.875,135.56547619047618,98.974529,65.036496
296.9742063492063,135.46626984126985,99.007608,65.109489
297.0734126984127,135.46626984126985,99.040688,65.109489
297.17261904761904,135.3670634920635,99.073768,65.182482
297.2718253968254,135.3670634920635,99.106848,65.182482
297.37103174603175,135.26785714285714,99.139927,65.255474
297.47023809523813,135.26785714285714,99.173007,65.255474
297.56944444444446,135.16865079365078,99.206087,65.328467
297.6686507936508,135.16865079365078,99.239166,65.328467
297.76785714285717,135.06944444444443,99.272246,65.401460
297.8670634920635,135.06944444444443,99.305326,65.401460
297.9662698412698,134.9702380952381,99.338406,65.474453
298.0654761904762,134.9702380952381,99.371485,65.474453
298.16468253968253,134.87103174603175,99.404565,65.547445
298.26388888888886,134.87103174603175,99.437645,65.547445
298.36309523809524,134.7718253968254,99.470724,65.620438
298.46230158730157,134.7718253968254,99.503804,65.620438
298.56150793650795,134.67261904761904,99.536884,65.693431
298.6607142857143,134.67261904761904,99.569964,65.693431
298.7599206349206,134.5734126984127,99.603043,65.766423
298.859126984127,134.5734126984127,99.636123,65.766423
298.9583333333333,134.47420634920636,99.669203,65.839416
299.0575396825397,134.47420634920636,99.702283,65.839416
299.156746031746,134.375,99.735362,65.912409
299.2559523809524,134.375,99.768442,65.912409
299.35515873015873,134.27579365079364,99.801522,65.985401
299.4543650793651,134.27579365079364,99.834601,65.985401
299.55357142857144,134.1765873015873,99.867681,66.058394
299.65277777777777,134.1765873015873,99.900761,66.058394
299.75198412698415,134.07738095238096,99.933841,66.131387
299.8511904761905,134.07738095238096,99.966920,66.131387
299.9503968253968,133.9781746031746,100.000000,66.204380